Date,Site,Feeder,RFID,ColorBands,SilverBands,Sex,WingLength,Mass,BID,Maturity
8/29/2014,H,F3H,0700EDD22B,Blue;RPT,,,68,9.8,H6,
8/29/2014,H,F3H,0700ED9F8E,G/S2540-39396;RPT,2540-39396,M,74,13.32,H1,adult
8/29/2014,H,F3H,030002D9C7,RPT;_,,,69,10.91,H2,juv
8/29/2014,H,F3H,0700EDF64A,RPT;R,,M,71,12.18,H5; H343,
8/29/2014,H,F4H,0700EE0597,RPT;Blue,,,72,12.25,H7,
8/29/2014,H,F4H,0700EDC401,R/S2720-43450;RPT,2720-43450,M,71.5,12.27,SHH_124,adult
8/29/2014,H,F2H,0700EDDDC8,S2720-43464;RPT,2720-43464,,72,12.18,SHH_138,adult
8/29/2014,H,F1H,030001CC84,Y/S2720-43447;RPT,2720-43447,M,71.5,12.04,H4; H348,adult
8/29/2014,H,F1H,0700EDAFE3,_;RPT,,,69.5,11.76,H3,
9/5/2014,H,F3H,0700EDE474,Black;RPT,,,72,13.45,H20,adult
9/5/2014,H,F3H,0700EDBED1,Black/S2720-43768;RPT,2720-43768,,70.5,12.31,H19,juv
9/5/2014,H,F3H,0700EE31AE,G;RPT,,M,71.5,11.95,H17,
9/5/2014,H,F3H,0700EE0DD0,Grey;RPT,,,69,10.16,H21,
9/5/2014,H,F5H,0700EDE211,Grey/S2540-39416;RPT,2540-39416,,72.5,13.03,H12,adult
9/5/2014,H,F3H,0700EE1FB2,LB;RPT,,M,73.5,11.48,H16,adult
9/5/2014,H,F5H,0700EDB889,LG;RPT,,M,71.5,11.9,H18,juv
9/5/2014,H,F3H,0700EE3EF6,LG/S2720-43462;RPT,2720-43462,F,69,11.24,H176; SHH_136,adult
9/5/2014,H,F2H,0700EE0380,O;RPT,,,70.5,10.67,H22,adult
9/5/2014,H,F3H,0700EDBD06,O/S2720-43460;RPT,2720-43460,M,70,12.21,SHH_ 134; H9; H374,adult
9/5/2014,H,F3H,0700ED9AAB,R;RPT,,M,72.5,12.3,H183,
9/5/2014,H,F2H,0700EE14BA,RPT;LG,,,70,12.05,H10,
9/5/2014,H,F6H,0700EDB44D,RPT;Black,,,72,12.34,H11,
9/5/2014,H,F5H,0700EDCCCF,RPT;Grey,,,72.5,12.26,H13,
9/5/2014,H,F5H,0700EE0A3B,RPT;Y,,F,66.5,9.51,H14,juv
9/5/2014,H,F5H,0700EE1431,RPT;O,,M,70.5,12.5,H15,
9/5/2014,H,F3H,0700EDF259,RPT;G,,F,69.5,12.15,H8,
9/5/2014,H,F4H,0700EE3300,RPT;LB,,,69,,NA,
9/5/2014,H,F4H,0700EE0514,W/S2720-43461;RPT,2720-43461,M,72.5,12.36,SHH_135; H160,adult
9/5/2014,H,F2H,0700EE1A2B,Y;RPT,,,70,11.27,NA,adult
9/12/2014,H,F5H,0700EE26F2,RPT;R/R,,F,,,H23,adult
9/12/2014,H,F5H,0700EE2D20,RPT;G/G,,M,74.5,11.96,H24,adult
9/19/2014,H,F1H,0700EDFED4,RPT;Blue/Blue,,F,69,11.6,H26,
9/19/2014,H,F5H,030002A624,RPT;Black/Black,,,69.5,13.36,H27,
9/19/2014,H,F1H,030001F885,R/S2720-43445;YPT,2720-43445,M,71,13.04,H25; H805,adult
11/5/2014,H,F2H,0700EDA35E,Black/Black;RPT,,F,70.5,11.74,H35,adult
11/5/2014,H,F2H,0300025F50,Blue/Blue;RPT,,M,70.5,12,H34,
11/5/2014,H,F1H,0700ED9EEE,RPT;LG/LG,,,68,11.93,H28; H334,
11/5/2014,H,F1H,03000208C0,RPT;LB/LB,,,68,11.28,H29,
11/5/2014,H,F1H,0300025985,RPT;Y/Y,,,71.5,11.95,H30,
11/5/2014,H,F1H,0300019589,RPT;O/O,,M,71,11.23,H31; H393,
11/5/2014,H,F1H,0700EDD03A,RPT;Grey/Grey,,,71,11.66,H32,
11/5/2014,H,F2H,030001D152,R/R;RPT,,M,71.5,11.91,H33; H365; H644,adult
11/12/2014,H,F6H,0700EE3D42,G/G;RPT,,,70,10.67,H37,
11/12/2014,H,F5H,030003735A,S2540-39407/R;RPT,2540-39407,M,74,12.93,H36,adult
11/12/2014,H,F3H,03000317F8,S2740-25025/G;RPT,2740-25025,,71.5,12.28,none,juv
11/17/2014,H,F8H,030002F6A9,LB/LB;RPT,,,69,11.35,H39,
11/17/2014,H,F7H,0300026EA2,LG/LG;RPT,,M,74,12.4,H38,
11/26/2014,H,F7H,0300019B2E,Grey/Grey;RPT,,,70,11.06,H42,
11/26/2014,H,F7H,0700EE2AD9,O/O;RPT,,,70,11.34,H41,
11/26/2014,H,F1H,0700EE0863,RPT;R/Black,,M,67.5,11.66,H44; H369,adult
11/26/2014,H,F3H,0700EE0384,RPT;R/Blue,,,68,10.8,,
11/26/2014,H,F2H,030001F664,Y/Y;RPT,,M,73,12.5,H40; H387; H814,
12/22/2014,H,F3H,0700EDE8C0,RPT;R/G,,,69,11.92,,
12/22/2014,H,F3H,0700EE0EC4,RPT;R/LB,,F,67,12.38,,
12/22/2014,H,F3H,0700ED8AF6,RPT;R/LG,,,68,11.38,,
12/22/2014,H,F3H,0700EE2030,RPT;R/O,,,69,12.4,,
12/22/2014,H,F3H,0700EE40D6,RPT;R/Y,,F,66,11.32,,
12/22/2014,H,F3H,0700EDF35F,RPT;R/Grey,,F,69,11.62,H344; H368,
12/22/2014,H,F3H,0700EDBA2B,R/Black;RPT,,F,67,11.77,H159,
12/22/2014,H,F3H,0700EDA565,R/Blue;RPT,,M,73,12.89,H372,
12/22/2014,H,F3H,0700EDD1CE,R/G;RPT,,,70,12,,
12/22/2014,H,F3H,0700EE16FB,R/LG;RPT,,,72,12.56,H342,
12/28/2014,H,F1H,0700EE0490,RPT;Blue/R,,,71,11.83,,
12/28/2014,H,F1H,0700EE0F9F,R/Grey;RPT,,F,67,11.26,,
12/28/2014,H,F1H,0700EE4484,R/LB;RPT,,,70,12.1,,
12/28/2014,H,F1H,03000346D4,R/O;RPT,,,71,12.98,,
12/28/2014,H,F1H,0300026637,R/Y;RPT,,F,67,10.61,,
1/1/2015,H,F1H,0700EDDCC6,Black/R;RPT,,M,73,12.54,,
1/1/2015,H,F1H,0700EDFFE1,Blue/R;RPT,,M,75.5,13.56,H199,
1/1/2015,H,F1H,0700EDA894,G/R;RPT,,,69,12.73,,
1/1/2015,H,F3H,0700ED8660,Grey/R;RPT,,M,70,,H613,
1/1/2015,H,F3H,0700ED8DFB,LB/R;RPT,,,70,12.63,,
1/1/2015,H,F1H,0700EE101D,LG/R;RPT,,,70,11.95,,
1/1/2015,H,F3H,0700EDC61E,GPT;_,,M,69,12.56,H286; H678; H769,
1/1/2015,H,F1H,0700EDBA30,RPT;Black/R,,F,65,11.35,H223,
1/1/2015,H,F3H,030003315D,RPT;Blue/Black,,M,71,,H260,
1/1/2015,H,F1H,0700ED87E0,RPT;LB/R,,M,70.5,11.46,H45; H377,
1/1/2015,H,F1H,0700ED9204,RPT;LG/R,,,70,12.52,,
1/1/2015,H,F1H,030002B8FF,RPT;Y/R,,M,71,12.75,H496; H706,
1/1/2015,H,F1H,0700ED9A1A,RPT;O/R,,F,66.5,11.2,,
1/1/2015,H,F1H,0300038EB7,RPT;Grey/R,,,68,10.88,,
1/1/2015,H,F1H,0300020A3F,RPT;G/R,,,69,11.25,,
1/1/2015,H,F3H,0700EE1B2F,RPT;Blue/LB,,M,74,,H386,
1/1/2015,H,F3H,030002DFC6,RPT;Blue/G,,F,66,,,
1/1/2015,H,F3H,0700EDE992,RPT;Blue/LG,,,68.5,,,
1/1/2015,H,F3H,030003824B,Y/R;RPT,,,70,12.65,,
1/9/2015,H,F3H,0300032182,Blue/Black;RPT,,F,65,,,
1/9/2015,H,F3H,0700ED9EB2,Blue/G;RPT,,,71.5,,,
1/9/2015,H,F3H,030003ACEE,Blue/LB;RPT,,,71,,,
1/9/2015,H,F3H,03000214A1,Blue/Y;RPT,,F,65,,,
1/9/2015,H,F3H,030003142F,PURPLEPT;_,,,71,,,
1/9/2015,H,F3H,030002E401,RPT;Blue/Y,,,71.5,,,
1/9/2015,H,F3H,0300025603,RPT;Blue/Grey,,,67.5,,H371,
1/9/2015,H,F3H,0300022A87,RPT;Blue/O,,,72,,,
1/9/2015,H,F3H,0700EDDD15,R/S2720-43454;BLUEPT,2720-43454,,71,,,adult
1/9/2015,H,F3H,0700EE0988,S2720-43456/R;BLUEPT,2720-43456,M,71,,H103,adult
3/21/2015,H,F3H,030001E59A,Blue/Grey;RPT,,F,69.5,12.27,H336,
3/21/2015,H,F3H,03000336E9,Blue/O;RPT,,,72,12.74,,
3/21/2015,H,F3H,0700EE2010,Blue/Y;RPT,,F,67,,,
6/18/2015,H,BOX B11 H,030002F09C,RPT;LG/Blue,,F,69,,H47,adult
6/18/2015,H,BOX B30 H,03000241BF,RPT;LB/Blue,,F,65.5,,H61,adult
6/18/2015,H,BOX B30 H,0700EE429E,RPT;G/Blue,,M,71,,H62,adult
6/23/2015,H,BOX B5-1 H,030003A2AF,RPT;Y/Blue,,F,66,,H46,adult
6/24/2015,H,BOX 13 H,030002434A,Black/Blue;RPT,,F,66,,H50,adult
6/24/2015,H,BOX 7 H,0700EE085D,G/Blue;RPT,,F,69,,H52,adult
6/24/2015,H,BOX 7 H,0700EDFA13,LB/Blue;RPT,,M,73,,H51,adult
6/24/2015,H,BOX 33_4 H,0700EDDE2F,LG/Blue;RPT,,M,74,,H53,adult
6/24/2015,H,BOX 1 H,0700EDF8A1,RPT;O/Blue,,F,65.5,,H48,adult
6/24/2015,H,BOX 4A H,0300026CA0,RPT;Grey/Blue,,F,67,,H49; H691,adult
6/24/2015,H,BOX 33_4 H,0300019F10,Y/Blue;RPT,,F,67,,H60,adult
6/26/2015,H,BOX 14 H,0300034DB4,Grey/Blue;RPT,,F,69,,H64,adult
6/26/2015,H,BOX 14 H,0700EE3582,O/Blue;RPT,,M,70,,H63; H816,adult
6/26/2015,H,BOX 12A H,030001EA7A,RPT;G/LB,,M,71,,H66,adult
6/26/2015,H,BOX 12A H,0700EE3BE9,RPT;G/LG,,F,71,,H67,adult
6/26/2015,H,BOX 8A H,0700EE0D2C,RPT;G/Black,,M,70,,H68,adult
6/26/2015,H,BOX 8A H,0700EDB659,RPT;G/O,,F,65,,H76,adult
6/26/2015,H,BOX 22_1 H,0300023011,R/S2540-39410;YPT,2540-39410,F,67,,H65; H383,adult
6/28/2015,H,BOX 18_2 H,0700EE03DE,G/Black;RPT,,F,70,,H81,adult
6/28/2015,H,BOX B16_1 H,0300027217,G/LB;RPT,,F,70,,H80; H630,adult
6/28/2015,H,BOX B16_1 H,030002BF3A,G/LG;RPT,,M,72,,H79,adult
6/28/2015,H,BOX B2 H,0300036594,RPT;G/Y,,F,68,,H77,adult
6/28/2015,H,BOX B12 H,030003371B,RPT;G/Grey,,M,68.5,,H78,adult
6/29/2015,H,BOX 27 H,030001E144,G/Grey;RPT,,F,68.5,,H102,adult
6/29/2015,H,BOX 17_2 H,030002A9C9,G/O;RPT,,F,69,,H100,adult
6/29/2015,H,BOX 17_3 H,0300023A64,G/Y;RPT,,F,69,,H101,adult
6/30/2015,H,BOX B32 H,0700EE42A0,RPT;LG/G,,F,69,,H122,adult
6/30/2015,H,BOX B32 H,0700ED8DFA,RPT;LB/G,,M,70,,H123,adult
6/30/2015,H,BOX B26 H,0300023498,RPT;Black/G,,F,69,,H124,adult
6/30/2015,H,BOX 43_2 H,0700EDF8BA,RPT;O/G,,F,71,,H125,adult
6/30/2015,H,BOX 22 H,030001DB5E,RPT;Y/G,,M,68,,H126,adult
6/30/2015,H,BOX B12 H,030003384A,RPT;Grey/G,,F,69.5,,H127,adult
7/1/2015,H,BOX 6 H,030003BA94,Black/G;RPT,,F,68.5,,H155,adult
7/1/2015,H,BOX 41 H,0700EE0945,Grey/G;RPT,,M,69,,H158,adult
7/1/2015,H,BOX B28 H,0700EDFF9E,LB/G;RPT,,F,65.5,,H154,adult
7/1/2015,H,BOX B28 H,0300022B1E,LG/G;RPT,,M,71,,H153,adult
7/1/2015,H,BOX 43_2 H,0700EDB6EA,O/G;RPT,,M,71,,H156,adult
7/1/2015,H,BOX 22 H,030001A0E8,Y/G;RPT,,F,67,,H157; H815,adult
7/2/2015,H,BOX B18 H,030001ED44,LG/LG;RPT,,F,69,,H172,adult
7/2/2015,H,BOX 32 H,03000223AD,RPT;LG/LB,,F,70,,H174,adult
7/2/2015,H,BOX B18 H,0700EDEFA0,S2540-39384/Y;RPT,2540-39384,M,72,,H173; H803,adult
7/2/2015,H,BOX 21 H,030002A7B9,S2540-39409/O;RPT,2540-39409,M,70,,H175,adult
7/4/2015,H,BOX 32 H,0700EDD584,RPT;LG/O,,M,71,,H221,adult
7/4/2015,H,BOX 10A H,0700EDAEC2,RPT;LG/Grey,,M,69,,H222,adult
7/4/2015,H,BOX 10A H,0700EE3490,RPT;LG/Y,,F,69,,H224,adult
7/4/2015,H,BOX 19A H,0700EE2818,S2540-39427/R;YPT,2540-39427,M,70,,H225,adult
7/5/2015,H,BOX 19A H,0700EDF133,LG/LB;RPT,,F,67,,H226,adult
7/6/2015,H,BOX 33 H,0700EE2255,LG/Black;RPT,,F,71.5,,H239,adult
7/6/2015,H,BOX 35 H,0700ED8E2B,LG/O;RPT,,M,72.5,,H240,adult
7/6/2015,H,BOX 33 H,0700EDE52B,RPT;Y/S2440-29336,2440-29336,M,71.5,,H238,adult
7/7/2015,H,STUMP NEST H,0700EDC3CB,LG/Grey;RPT,,M,73.5,,H259,adult
7/7/2015,H,BOX 34 H,0700EDA11E,LG/Y;RPT,,F,66,,H284; H773,adult
7/7/2015,H,BOX 38 H,0700EE2926,RPT;LB/LG,,F,70.5,,H261,adult
7/8/2015,H,BOX 29 H,0700EDBDD9,RPT;Black/LG,,F,69,,H285,adult
7/13/2015,H,BOX 36 H,0700EDA7DC,RPT;O/LG,,M,70,,H317,adult
8/21/2015,H,F3H,0700EE34A2,Black/LG;RPT,,M,67,11.67,H337,adult
8/21/2015,H,F1H,0700EE2DC4,LB/LG;RPT,,F,67,10.33,H335,juv
8/21/2015,H,F1H,0700EDEE35,RPT;Y/LG,,,70,12.04,H332,juv
8/21/2015,H,F1H,0700EDDE6B,RPT;Grey/LG,,M,72,12.3,H333,adult
8/28/2015,H,F3H,0700ED8B2A,Blue/S2740-25271;RPT,2740-25271,,69,10.9,H341,juv
8/28/2015,H,F3H,0700EDCA23,RPT;Y/LB,,,69,11.59,H338,juv
8/28/2015,H,F4H,0700EE33B0,RPT;Y/Black,,,70,10.4,H339,juv
8/28/2015,H,F3H,0700EDEA8D,RPT;Y/O,,M,74.5,12.67,H340,adult
9/7/2015,H,F1H,0700EE279F,Black/Y;RPT,,,70,13.07,H359,juv
9/7/2015,H,F1H,0700EE32F3,Grey/Y;RPT,,,71,11.38,H361,adult
9/7/2015,H,F5H,0700EDB014,Grey/Y;RPT,,,71,11.53,H362,juv
9/7/2015,H,F3H,0700EDC234,LB/Y;RPT,,,70,10.36,H358,adult
9/7/2015,H,F3H,0700EDE18E,O/LB;RPT,,,70,11.65,H367,juv
9/7/2015,H,F1H,0700EE3795,O/Y;RPT,,F,66.5,11.77,H360,juv
9/7/2015,H,F5H,0700EDA4FD,RPT;Y/Grey,,F,67,12.22,H345,juv
9/7/2015,H,F1H,0700EDBC15,RPT;LB/Y,,,68.5,11.07,H351,juv
9/7/2015,H,F5H,0700EDB060,RPT;Black/Y,,F,70,11.26,H353,adult
9/7/2015,H,F4H,0700EE2A8F,RPT;O/Y,,M,75,11.96,H355,adult
9/7/2015,H,F4H,0700EE2B86,RPT;Grey/Y,,,67.5,11.15,H356,
9/7/2015,H,F5H,0700EDE6F8,RPT;O/LB,,F,65,11.47,H363,adult
9/7/2015,H,F1H,0700EE15A1,RPT;O/Black,,,70.5,11.79,H364,adult
9/7/2015,H,F4H,0700EE0D9E,RPT;O/Grey,,,69,11.43,H366,adult
9/7/2015,H,F5H,0700EDD0DB,R/S2740-25205;GreyPT,2740-25205,,72,11.59,H354,juv
9/7/2015,H,F3H,0700EDFEDD,R/S2740-25211;BlackPT,2740-25211,F,65.5,10.03,H357,juv
9/7/2015,H,F2H,0700EDDA56,S2740-25433;GreyPT,2740-25433,,70,11.41,H352,juv
9/7/2015,H,F4H,0700EDF72F,Y/Black;RPT,,,70,11.8,H347,juv
9/7/2015,H,F1H,0700EDF523,Y/Grey;RPT,,F,67,10.78,H350,juv
9/7/2015,H,F4H,0700EE1D05,Y/LB;RPT,,M,74,12.45,H346,adult
9/7/2015,H,F1H,0700EDD70A,Y/O;RPT,,,71.5,10.45,H349,adult
9/11/2015,H,F2H,0700EDC317,O/Black;RPT,,,70,12.43,H370,juv
9/11/2015,H,F3H,0700ED8EA0,O/Grey;RPT,,M,73,12.11,H373,juv
9/11/2015,H,F5H,0700EDEF65,O/Grey;RPT,,,70.5,11.23,H376,adult
9/11/2015,H,F4H,0700EE0389,RPT;LB/O,,,70,11.56,H378,
9/11/2015,H,F4H,0700EE22CA,RPT;Black/O,,,69,11.16,H379,adult
9/11/2015,H,F2H,0700ED8CFC,RPT;Grey/O,,F,67,11.63,H380,juv
9/11/2015,H,F5H,0700EDFC56,S2740-25258/R;BlackPT,2740-25258,M,73,12.31,H375,juv
9/21/2015,H,F6H,0700EDA539,Black/O;RPT,,,69,12.3,H382,juv
9/21/2015,H,F2H,0700EDE2C7,Grey/O;RPT,,,69.5,11.88,H384,juv
9/21/2015,H,F2H,0700EDE73A,LB/O;RPT,,F,68,12.12,H381,adult
9/21/2015,H,F2H,0700EE124B,RPT;LB/Black,,F,66,11.35,H385,juv
10/2/2015,H,F6H,0700EDDBF7,RPT;LB/Black,,,71,11.77,H388,juv
10/7/2015,H,F2H,0700EDDC13,Black/LB;RPT,,,70.5,12.33,H392,juv
10/7/2015,H,F3H,0700EDD008,LB/Black;RPT,,,71.5,11.97,H390,juv
10/7/2015,H,F4H,0700EDB530,LB/Grey;RPT,,,70.5,11.16,H391,
10/7/2015,H,F2H,0700EE17A2,RPT;LB/Grey,,,68.5,10.7,H389,adult
10/7/2015,H,F1H,0700ED99E7,S2740-25380/W;RPT,2740-25380,,69,11.89,H394,juv
10/7/2015,H,F3H,0700EDB0B1,S2740-25442;PURPLEPT,2740-25442,,68.5,12.57,H395,juv
10/30/2015,H,F1H,0700EE4360,Black/Grey;RPT,,M,73,12.29,H402,
10/30/2015,H,F1H,0700EDE177,Grey/Black;RPT,,F,72,11.78,H401,
10/30/2015,H,F4H,0700EDB9DA,Grey/LB;RPT,,,70.5,11.86,H397,
10/30/2015,H,F1H,0700EE1FD2,RPT;Grey/LB,,M,74.5,11.85,H396,
10/30/2015,H,F3H,0700EDFB86,RPT;Grey/Black,,M,74.5,11.82,H398,
10/30/2015,H,F3H,0700EDBF75,RPT;W/Black,,M,75,11.34,H399,
10/30/2015,H,F5H,0700EDAD5E,RPT;Black/Grey,,,71,11.37,H400,
11/4/2015,H,F8H,0700EE3FC8,YPT;R,,,70,,,
11/4/2015,H,F1H,0700EDAC35,YPT;R/R,,,69,,,adult
11/4/2015,H,F7H,0700EDAEBA,YPT;R/O,,,72,,,juv
11/4/2015,H,F7H,0700EE1AE8,YPT;R/Y,,,72,,,adult
11/4/2015,H,F7H,0700EE452C,YPT;R/Blue,,M,73,,,juv
11/4/2015,H,F1H,0700EE1435,YPT;R/LB,,,68,,,juv
11/4/2015,H,F1H,0700EDF2B7,YPT;R/G,,,70,,,adult
11/4/2015,H,F7H,0700EDFB4E,YPT;R/Black,,,71,,,
11/6/2015,H,F3H,0700EDB409,Black/R;YPT,,,71,,,
11/6/2015,H,F3H,0700EDAB25,Blue/R;YPT,,,70,,,juv
11/6/2015,H,F3H,0700ED860D,G/R;YPT,,M,74,,,juv
11/6/2015,H,F3H,0700EE15A3,Grey/R;YPT,,,71,,,
11/6/2015,H,F3H,0700EDBFD5,LB/R;YPT,,,69.5,,,
11/6/2015,H,F3H,0700EE2640,O/R;YPT,,,68,,,
11/6/2015,H,F5H,0700EDB878,PURPLEPT;S2740-25241,2740-25241,F,70,,H774,juv
11/6/2015,H,F3H,0700EE39B9,R;YPT,,F,65,,,juv
11/6/2015,H,F3H,0700EDB484,R/Black;YPT,,,71,,,
11/6/2015,H,F4H,0700EE1981,R/Blue;YPT,,F,66,,,
11/6/2015,H,F3H,0700EDF31F,R/G;YPT,,,71,,,
11/6/2015,H,F3H,0700EE4575,R/Grey;YPT,,,72,,,adult
11/6/2015,H,F4H,0700EDFEC0,R/LB;YPT,,,69,,,
11/6/2015,H,F4H,0700EE11BC,R/O;YPT,,,72.5,,,adult
11/6/2015,H,F4H,0700EDAEF6,R/R;YPT,,,70,,,adult
11/6/2015,H,F4H,0700ED8635,R/Y;YPT,,M,74,,,
11/6/2015,H,F4H,0700EE1854,YPT;R/Grey,,F,66,,,
11/6/2015,H,F3H,0700EDF3AC,YPT;O/R,,F,66,,,juv
11/6/2015,H,F3H,0700EDF6A7,YPT;Y/R,,,71,,,juv
11/6/2015,H,F5H,0700EDA4AA,YPT;Blue/R,,,71,,,adult
11/6/2015,H,F4H,0700ED953B,YPT;LB/R,,M,75,,,
11/6/2015,H,F4H,0700EDFFA8,YPT;G/R,,M,75,,,juv
11/6/2015,H,F3H,0700EDC6D8,YPT;Black/R,,,72,,,
11/6/2015,H,F3H,0700EE17DB,YPT;Grey/R,,M,73,,,
11/6/2015,H,F3H,0700ED92A0,Y/R;YPT,,M,73,,,
11/11/2015,H,F1H,0700ED9AF5,BPT;R,,M,73,,,
11/11/2015,H,F1H,0700EDCE8C,BPT;R/R,,M,73.5,,,
11/11/2015,H,F2H,0700EDD7F7,BPT;R/O,,,70,,,
11/11/2015,H,F2H,0700EE1B3E,BPT;R/Y,,,70.5,,,
11/11/2015,H,F4H,0700EE013A,BPT;R/Blue,,M,73,,,
11/11/2015,H,F4H,0700ED98EA,BPT;R/LB,,M,72,,H688; H719,juv
11/11/2015,H,F3H,0700EDF0C7,BPT;R/G,,,69,,,juv
11/11/2015,H,F3H,0700EE255C,BPT;R/Black,,,68,,,juv
11/11/2015,H,F3H,0700EDEB1F,BPT;R/Grey,,M,75,,,
11/11/2015,H,F2H,0700ED9E68,BPT;O/R,,,70,,,juv
11/11/2015,H,F2H,0700EDE290,BPT;Y/R,,,68,,,juv
11/11/2015,H,F1H,0700EDF35B,BPT;Blue/R,,M,73,,,juv
11/11/2015,H,F1H,0700EDDCA8,BPT;LB/R,,,71,,,juv
11/11/2015,H,F1H,0700EDA765,BPT;G/R,,,71.5,,,
11/11/2015,H,F1H,0700EE0171,BPT;Black/R,,,69,,,
11/11/2015,H,F2H,0700EE3039,BPT;Grey/R,,,68,,,
11/11/2015,H,F4H,0700EDC307,BlackPT;R,,M,73,,,
11/11/2015,H,F4H,0700ED9FD3,BlackPT;R/R,,,70,,,
11/11/2015,H,F4H,0700EDF3DC,BlackPT;R/O,,,69,,,
11/11/2015,H,F4H,0700EE3E56,BlackPT;R/Y,,,72,,,
11/11/2015,H,F3H,0700EDDB26,BlackPT;R/Blue,,,70.5,,,
11/11/2015,H,F3H,0700EE35EC,BlackPT;R/LB,,,69,,,
11/11/2015,H,F3H,0700ED961E,BlackPT;R/G,,,68.5,,,
11/11/2015,H,F3H,0700EDD397,BlackPT;R/Black,,,69,,,
11/11/2015,H,F3H,0700EDC19E,BlackPT;R/Grey,,,70,,,
11/11/2015,H,F4H,0700EE03ED,Black/R;BPT,,,70,,,
11/11/2015,H,F4H,0700EE0425,Blue/R;BPT,,,70,,,
11/11/2015,H,F4H,0700EDD070,G/R;BPT,,M,77,,,
11/11/2015,H,F4H,0700EDDD56,Grey/R;BPT,,,70,,,
11/11/2015,H,F4H,0700EDB0A9,LB/R;BPT,,M,75.5,,,
11/11/2015,H,F4H,0700EE0E70,O/R;BPT,,,68,,,
11/11/2015,H,F3H,0700EDBB5C,R;BPT,,M,74,,,juv
11/11/2015,H,F3H,0700EE332F,R;BlackPT,,,72.5,,,
11/11/2015,H,F3H,0700EDEEA1,R/Black;BPT,,,69,,,juv
11/11/2015,H,F3H,0700ED9E31,R/Blue;BPT,,F,67,,,juv
11/11/2015,H,F3H,0700EDF1FA,R/Blue;BlackPT,,M,73,,,
11/11/2015,H,F3H,0700EDE244,R/G;BPT,,,69,,,juv
11/11/2015,H,F3H,0700EDFF57,R/Grey;BPT,,M,74,,L882,juv
11/11/2015,H,F3H,0700EE1503,R/LB;BPT,,,,,,juv
11/11/2015,H,F4H,0700EDECC1,R/LB;BlackPT,,,72,,,
11/11/2015,H,F3H,0700EE3916,R/O;BPT,,,71,,,juv
11/11/2015,H,F3H,0700EDDACB,R/O;BlackPT,,,71.5,,,
11/11/2015,H,F3H,0700EE17A6,R/R;BPT,,M,74.5,,,juv
11/11/2015,H,F3H,0700EDF817,R/R;BlackPT,,F,65.5,,,
11/11/2015,H,F3H,0700EE2DBB,R/Y;BPT,,,72,,,juv
11/11/2015,H,F3H,0700EE0E28,R/Y;BlackPT,,,72,,,
11/11/2015,H,F4H,0700EDE67B,Y/R;BPT,,M,73,,,
1/24/2016,H,F3H,0700EE0014,BlackPT;O/R,,M,74,,,
1/24/2016,H,F3H,0700EDB336,BlackPT;Y/R,,M,75,,,
1/24/2016,H,F3H,0700EDEF94,BlackPT;Blue/R,,,72,,,
1/24/2016,H,F3H,0700EDD50E,BlackPT;LB/R,,,71.5,,,
1/24/2016,H,F3H,0700EE026F,S2540-39424/LB;RPT,2540-39424,,68,,,adult
1/24/2016,H,F3H,0700ED93A4,BlackPT;G/R,,,69,,,
1/24/2016,H,F3H,0700ED9CF3,BlackPT;Black/R,,M,73,,,
1/24/2016,H,F3H,011017A272,S2720-43455/R;WPT,2720-43455,,,,,adult
1/24/2016,H,F3H,0700EDC3A1,BlackPT;Grey/R,,M,73,,,
1/24/2016,H,F3H,0700EDC4DB,Black/R;BlackPT,,,69.5,,,
1/24/2016,H,F3H,0700ED97A8,Blue/R;BlackPT,,,70,,,
1/24/2016,H,F3H,0700EE1ED7,G/R;BlackPT,,M,75.5,,,
1/24/2016,H,F3H,0700EE0369,GreyPT;R,,,71,,,
1/24/2016,H,F3H,0700EE2506,GreyPT;R/R,,,70,,,
1/24/2016,H,F3H,0700ED8B71,GreyPT;R/O,,,69,,,
1/24/2016,H,F1H,0700EDCF71,GreyPT;R/Y,,,70,,,
1/24/2016,H,F1H,0700EDB366,GreyPT;R/Blue,,,71,,,
1/24/2016,H,F1H,0700EE3E61,GreyPT;R/LB,,,72,,,
1/24/2016,H,F1H,0700EDADAB,GreyPT;R/G,,,69.5,,,
1/24/2016,H,F1H,0700EDCAE6,GreyPT;R/Black,,M,73,,,
1/24/2016,H,F1H,0700EDBBE6,GreyPT;R/Grey,,,70.5,,,
1/24/2016,H,F1H,0700EE40C2,GreyPT;O/R,,,71.5,,,
1/24/2016,H,F1H,0700EDD51F,GreyPT;Y/R,,M,73,,H405,
1/24/2016,H,F1H,0700EE444A,GreyPT;Blue/R,,M,73,,,
1/24/2016,H,F1H,0700EDF68C,GreyPT;LB/R,,M,73.5,,,
1/24/2016,H,F3H,0700EE0B96,Grey/R;BlackPT,,,69,,,
1/24/2016,H,F3H,0700EDBB92,LB/R;BlackPT,,M,75,,,
1/24/2016,H,F3H,0700ED905A,O/R;BlackPT,,,69.5,,,
1/24/2016,H,F1H,0700EDF801,R;GreyPT,,F,67,,,
1/24/2016,H,F3H,0700ED8D3F,R/Black;BlackPT,,,69,,,
1/24/2016,H,F1H,0700EE13E8,R/Black;GreyPT,,,72,,,
1/24/2016,H,F1H,0700EE1C1F,R/Blue;GreyPT,,,72,,,
1/24/2016,H,F3H,0700EE0053,R/G;BlackPT,,M,74,,,
1/24/2016,H,F1H,0700EDA431,R/G;GreyPT,,,71.5,,,
1/24/2016,H,F3H,0700EE2B53,R/Grey;BlackPT,,,71,,,
1/24/2016,H,F1H,0700EE0BA3,R/Grey;GreyPT,,M,76,,,
1/24/2016,H,F1H,0700EE2BF7,R/LB;GreyPT,,,69,,,
1/24/2016,H,F1H,0700EE1227,R/O;GreyPT,,M,74,,,
1/24/2016,H,F1H,0700EDF2B4,R/R;GreyPT,,,72,,,
1/24/2016,H,F1H,0700EE1DFC,R/Y;GreyPT,,,70,,,
1/24/2016,H,F3H,0700EDF646,Y/R;BlackPT,,M,74,,,
6/30/2016,H,BOX B12 H,0700EE4471,GreyPT;G/R,,M,69,,H403; H623,adult
6/30/2016,H,BOX B12 H,0700EE3453,GreyPT;Black/R,,F,67.5,,H404; H627; H767,adult
7/4/2016,H,BOX 1-3 H,0700ED9667,GreyPT;Grey/R,,M,70,,H413; H697,adult
7/4/2016,H,BOX 44 H,0700EDA16F,O/R;GreyPT,,M,71,,H414,adult
7/4/2016,H,BOX 1-3 H,0700EE42EC,Y/R;GreyPT,,F,69.5,,H415,adult
7/5/2016,H,BOX 22-1 H,0700EE3311,Black/R;GreyPT,,F,67,,H427,adult
7/5/2016,H,BOX 21 H,0700EDFC8B,Blue/R;GreyPT,,F,66,,H424,adult
7/5/2016,H,BOX B31 H,0700ED8A15,Blue/W;RPT,,M,72,,H423,adult
7/5/2016,H,BOX 28-1 H,0700EE2E34,G/R;GreyPT,,M,70,,H426,adult
7/5/2016,H,BOX 15 H,0700EDCD66,Grey/R;GreyPT,,F,66,,H428,adult
7/5/2016,H,BOX 28-1 H,0700EE2E31,LB/R;GreyPT,,F,68,,H425; H625,adult
7/6/2016,H,BOX 43-1 H,0700EDA99B,RPT;W,,F,67,,H429,adult
7/6/2016,H,BOX 41 H,0700ED918A,RPT;W/R,,F,67.5,,H430,adult
7/6/2016,H,BOX 17-1 H,0700EE0329,RPT;W/O,,M,73,,H431,adult
7/6/2016,H,BOX 14A H,0700EDADFA,RPT;W/Blue,,M,73,,H432,adult
7/6/2016,H,BOX 14A H,0700EE0C9C,RPT;W/LB,,F,68.5,,H433,adult
7/6/2016,H,BOX 32 H,0700EDB8AA,RPT;W/G,,F,67,,H447,adult
7/9/2016,H,BOX B28 H,0700EE287D,RPT;W/Grey,,F,69,,H495; H810,adult
7/27/2016,H,BOX 25 H,0700EE355F,GREENPT;R/S2720-43702,2720-43702,F,66,11.36,H614; H650,adult
10/26/2016,H,F2H,011017A327,R/S2740-25660;WPT,2740-25660,M,70,11.96,H545; H806,juv
10/26/2016,H,F3H,0700EE0395,RPT;W/W,,F,67,10.35,H541,
10/26/2016,H,F4H,0700EE4300,W;RPT,,M,70,11.53,H542,
10/26/2016,H,F2H,0700EE00BC,W/O;RPT,,M,69.5,11.97,H544,
10/26/2016,H,F4H,0700ED9084,W/R;RPT,,F,66.5,10.8,H543; H638,
11/4/2016,H,F2H,0700EDED4B,W/Blue;RPT,,M,73,11.89,H546,
11/7/2016,H,F4H,011017A5AA,S2740-25910/R;PurplePT,2740-25910,,69.5,11.43,H549,juv
11/7/2016,H,F4H,0110179DFA,R/S2740-25870;GreenPT,2740-25870,F,67,11.95,H550,juv
11/7/2016,H,F3H,0700EDE028,S2740-25696/O;PurplePT,2740-25696,M,70,11.92,H554; H811,juv
11/7/2016,H,F4H,0700EE0D3C,W/Black;RPT,,M,69.5,11.8,H551,
11/7/2016,H,F4H,0700EDA702,W/G;RPT,,M,70,11.63,H548,
11/7/2016,H,F3H,0700EDDD07,W/Grey;RPT,,M,74,12.61,H553,
11/7/2016,H,F4H,0700EDCB97,W/LB;RPT,,F,66,10.8,H547; H771,
11/7/2016,H,F3H,0700EDC0C6,W/W;RPT,,F,67,11.29,H552; H798,
11/9/2016,H,F2H,0700ED9813,R/S2740-25815;PurplePT,2740-25815,,71,11.67,H559,juv
11/9/2016,H,F3H,0700EE2513,RPT;Blue/W,,F,66,10.63,H557,
11/9/2016,H,F2H,0700EE1303,RPT;LB/W,,F,66,10.42,H558,
11/9/2016,H,F2H,0700EE0457,RPT;O/W,,,72,12.77,H556,
11/9/2016,H,F2H,0700EDBFAD,RPT;R/W,,M,72,11.5,H555; H634; H685,
11/14/2016,H,F6H,0700EE32A9,S2740-25803/Grey;RPT,2740-25803,M,67.5,11.46,H561,juv
11/14/2016,H,F3H,0700EDEDAE,O/W;RPT,,,68,10.47,H564,
11/14/2016,H,F6H,0700EE1E1B,RPT;Black/W,,F,67,10.69,,
11/14/2016,H,F5H,0700EE3C13,RPT;G/W,,F,66.5,10.36,H560,
11/14/2016,H,F3H,0700EE3CC0,RPT;Grey/W,,,68,11.62,H562,
11/14/2016,H,F3H,0700EDFD30,R/W;RPT,,M,68.5,11.81,H563,
11/14/2016,H,F6H,0700EE2914,LB/W;RPT,,,70,12.11,H565,
11/21/2016,H,F2H,0700EDABF7,B/S2740-25745;RPT,2740-25745,F,67.5,11.71,H705,juv
11/21/2016,H,F1H,0700EE159B,Black/W;RPT,,F,67,11.29,,
11/21/2016,H,F4H,0700EDB70E,S2540-39389/Black;RPT,2540-39389,F,69,,H626,adult
11/21/2016,H,F4H,011017999B,S2740-25754/Y;PurplePT,2740-25754,F,65.5,,,juv
11/21/2016,H,F4H,0700ED8BD1,BPT;W/R,,F,65.5,,H766,
11/21/2016,H,F4H,0700EDD65F,BPT;R/W,,M,72,,H631,
11/21/2016,H,F4H,0700EDD4DE,BlackPT;W/R,,M,75,,H689,
11/21/2016,H,F4H,0700EE3A1B,BlackPT;R/W,,M,73,,H703,
11/21/2016,H,F2H,0700ED9998,G/W;RPT,,F,68.5,11.56,H768,
11/21/2016,H,F3H,0700EDD4E1,GreyPT;W/R,,,68,,,
11/21/2016,H,F4H,0700EE13D5,GreyPT;R/W,,,69.5,,,
11/21/2016,H,F4H,0700EE44D2,Grey/W;RPT,,,71.5,,H671,
11/21/2016,H,F4H,0700EE2E26,YPT;W/R,,,72,,,
11/24/2016,H,F4H,0700EDF740,YPT;R/W,,,72,,H701,
11/30/2016,H,F4H,0700EDF308,LB/S2740-25692;RPT,2740-25692,,70,,,juv
11/30/2016,H,F2H,0700EE1819,S2740-25746/G;PurplePT,2740-25746,F,66.5,,,juv
11/30/2016,H,F1H,0700EDF321,S2740-25866/LB;PurplePT,2740-25866,M,71,,,juv
11/30/2016,H,F3H,011017A4B0,GreenPT;R/W,,,69,,H702,
11/30/2016,H,F3H,0700EE0049,GreenPT;W/R,,,71,,,
11/30/2016,H,F3H,01101799BB,PurplePT;R/W,,F,66,,,
11/30/2016,H,F1H,010799F978,PurplePT;W/R,,F,68,,H683,
11/30/2016,H,F2H,01101798A9,WhitePT;R/W,,M,72.5,,H796,
11/30/2016,H,F1H,011017A21B,WhitePT;W/R,,M,68,,H776,
12/4/2016,H,F2H,011017A009,S2740-25858/B;PurplePT,2740-25858,F,67,,,juv
12/4/2016,H,F2H,0110179607,S2740-25296/Grey;PurplePT,2740-25296,,69,,,adult
12/4/2016,H,F3H,0700EE2B4B,R/W;BPT,,,69,,,
12/4/2016,H,F1H,0700EDC865,W/R;BPT,,,68.5,,,
12/4/2016,H,F2H,0700EDB951,W/R;BlackPT,,,69.5,,,
12/7/2016,H,F1H,0700EDC722,R/W;BlackPT,,,69.5,,,
12/7/2016,H,F1H,0700EDC75C,R/W;GreyPT,,M,69.5,,H643; H793,
12/7/2016,H,F2H,0700ED9947,W/R;GreyPT,,F,64,,H628,
12/19/2016,H,F1H,0700EDB111,S2740-25743/Black;PurplePT,2740-25743,F,70,,H704,juv
12/19/2016,H,F5H,0700EDB721,W/S2740-25786;PurplePT,2740-25786,M,70,13.84,H646,juv
12/19/2016,H,F2H,0110179E70,Y/S2740-25818;PurplePT,2740-25818,M,71,,H804,juv
12/19/2016,H,F5H,01101796A6,R/W;WhitePT,,F,70,,,
12/19/2016,H,F5H,0700EDD2A3,R/W;YPT,,F,68,,H775,
12/19/2016,H,F5H,011017A6FE,W/R;WhitePT,,,69,,,
12/19/2016,H,F2H,0700EE23A2,W/R;YPT,,,69,,,
12/22/2016,H,F3H,011017A0B3,W/R;GreenPT,,,70,,,
12/22/2016,H,F1H,011017A0B1,R/W;GreenPT,,F,66,,H658,
12/22/2016,H,F1H,011017A69C,W/R;PurplePT,,F,65,,,
12/22/2016,H,F2H,011017A28B,R/W;PurplePT,,M,72,,H777,
12/22/2016,H,F5H,011017A7C7,WhitePT;R,,,70,,,
12/22/2016,H,F1H,0110170296,WhitePT;R/R,,M,72.5,,,
12/22/2016,H,F1H,011017A409,WhitePT;R/O,,,69,,,
12/22/2016,H,F4H,0110179BAB,WhitePT;R/Y,,M,66.5,,H772,
12/22/2016,H,F2H,0700EDF46D,GREEN/S2740-25836;PurplePT,2740-25836,F,67,,,juv
12/22/2016,H,F2H,01101799F5,WhitePT;R/Blue,,F,65.5,,,
12/22/2016,H,F2H,011017A00A,WhitePT;R/LB,,F,66.5,,,
12/26/2016,H,F2H,01101719DA,WhitePT;R/G,,,69,,,
12/26/2016,H,F2H,011017A32E,WhitePT;R/Black,,,70,,,
12/30/2016,H,F1H,011017A3DB,PurplePT;LB/S2740-25642,2740-25642,M,69,,H673,juv
12/30/2016,H,F4H,011017A5EF,WhitePT;R/Grey,,,68,,,
12/30/2016,H,F4H,011017A53F,R;WhitePT,,M,73,,,
12/30/2016,H,F3H,011017A58E,R/R;WhitePT,,,72,,,
7/9/2017,H,BOX 28-1A H,0110179C34,R/O;WhitePT,,F,65,,H624,
7/11/2017,H,BOX 29-3 H,0110179BBC,R/Y;WhitePT,,M,74,,H629,
7/13/2017,H,BOX 29A H,0110179D38,R/Blue;WhitePT,,M,68,,H632,
7/13/2017,H,BOX 5 H,011017987F,R/LB;WhitePT,,F,66,,H633; H779,
8/13/2017,H,F4H,0700EDC775,LB/S2820-13411;PurplePT,2820-13411,,70,,,juv
8/13/2017,H,F3H,01101797F0,R/G;WhitePT,,M,69,,H635,adult
8/13/2017,H,F3H,01101796B3,Blue/S2820-13395;PurplePT,2820-13395,F,65,,H636,juv
8/13/2017,H,F3H,01101799DA,R/Black;WhitePT,,F,68,,H637; H813,juv
8/13/2017,H,F3H,0700EDB83F,Grey/S2820-13369;PurplePT,2820-13369,,69,,H639,juv
8/13/2017,H,F3H,0700EE003D,Black/S2820-13393;PurplePT,2820-13393,F,67,,H640,juv
8/13/2017,H,F4H,01101796AE,O/S2820-13372;PurplePT,2820-13372,F,68,,H641,juv
8/15/2017,H,F2H,01101797F4,S2820-13367/Y;GreenPT,2820-13367,F,67,,H642,juv
8/15/2017,H,F2H,0700EE43A6,S2820-13366/O;GreenPT,2820-13366,,71,,H645,juv
8/18/2017,H,F3H,0110179FED,S2820-13414/Green;GreenPT,2820-13414,F,64,10.86,H647,juv
8/18/2017,H,F3H,0110179588,S2820-13413/LB;GreenPT,2820-13413,F,66,9.76,H648,juv
8/18/2017,H,F3H,011017A23B,R/Grey;WhitePT,,,72,12.46,H649,
8/18/2017,H,F4H,0700EDCE9B,S2820-13414/Grey;GreenPT,2820-13414,F,67,10.11,H651,juv
8/18/2017,H,F4H,0110179E5C,WhitePT;O/R,,F,66.5,11.44,H652,
8/28/2017,H,F2H,0700EDAEEF,S2820-13418/Blue;GreenPT,2820-13418,F,66,11.08,H653,juv
8/28/2017,H,F2H,011017A3F5,WhitePT;Y/R,,,69.5,12.21,H654,juv
8/28/2017,H,F2H,0110179A53,WhitePT;Blue/R,,F,66.5,10.69,H655,juv
8/28/2017,H,F1H,0110179CC6,WhitePT;LB/R,,M,71,12.22,H656,juv
8/28/2017,H,F2H,011017A794,WhitePT;G/R,,,70,11.74,H657,juv
8/28/2017,H,F2H,011017A3F0,WhitePT;Black/R,,,70.5,11.65,H659,
8/28/2017,H,F3H,011017A092,S2820-13433/Black;GreenPT,2820-13433,F,67,10.26,H660,juv
8/28/2017,H,F3H,011017A832,WhitePT;Grey/R,,,69,12.21,H661,juv
8/28/2017,H,F3H,01101799F0,O/R;WhitePT,,,71,11.82,H662,juv
8/28/2017,H,F4H,0110179CCD,Y/R;WhitePT,,M,73,11.19,H663,juv
8/28/2017,H,F4H,011017A74B,White/S2820-13432;GreenPT,2820-13432,,68,10.2,H664,juv
8/28/2017,H,F4H,011017A83A,Blue/R;WhitePT,,F,69,10.33,H665,juv
8/28/2017,H,F4H,011017A7DE,LB/R;WhitePT,,F,65,11.05,H666,juv
8/28/2017,H,F4H,011017A4B4,G/R;WhitePT,,M,74,10.75,H667,juv
9/1/2017,H,F5H,0110179DD5,Black/R;WhitePT,,F,67.5,11.26,H668,juv
9/1/2017,H,F3H,0110179D52,Grey/R;WhitePT,,,72,11.16,H669,juv
9/1/2017,H,F3H,0700ED870D,GreenPT;R,,M,68,11.1,H670,juv
9/8/2017,H,F3H,0700EDF471,GreenPT;R/R,,,70,11.35,H672,juv
9/8/2017,H,F1H,011017A53C,GreenPT;R/O,,F,65.5,9.84,H674,juv
9/8/2017,H,F1H,0700EE1410,GreenPT;R/Y,,F,67.5,10.59,H675,juv
9/8/2017,H,F4H,011017975A,GreenPT;R/Blue,,F,67,10.79,H676,adult
9/8/2017,H,F2H,0700EE0029,GreenPT;R/LB,,,70.5,11.4,H677,juv
9/8/2017,H,F4H,011017A131,GreenPT;R/G,,,68,10.72,H679,juv
9/8/2017,H,F4H,011017987D,Y/S2740-25868;GreenPT,2740-25868,,71,12.45,H680,adult
9/8/2017,H,F2H,0700EDAF52,GreenPT;R/Black,,,68,11.36,H681,juv
9/8/2017,H,F4H,011017A66F,GreenPT;R/Grey,,,71,11.68,H682,adult
9/8/2017,H,F3H,0700EDE5C9,R;GreenPT,,F,67,10.67,H684,
9/8/2017,H,F1H,0700EDA46A,R/R;GreenPT,,,70,11.16,H686,adult
9/8/2017,H,F4H,01101799A2,R/O;GreenPT,,M,70,12.4,H687,juv
9/8/2017,H,F4H,0700EDD7FE,R/Y;GreenPT,,,70,11.94,H690,
9/8/2017,H,F2H,0700ED9583,GreenPT;G/S2820-13238,2820-13238,,69,11.7,H692,juv
9/8/2017,H,F2H,0700EDB888,R/Blue;GreenPT,,,70,11.25,H693,juv
9/11/2017,H,F5H,0700EE42B1,R/LB;GreenPT,,M,69,11.83,H694,juv
9/11/2017,H,F5H,0700EDEE86,R/G;GreenPT,,,69,11.37,H695,juv
9/11/2017,H,F5H,0700EDAA45,G/S2820-13365;GreenPT,2820-13365,,68,10.84,H696,juv
9/15/2017,H,F2H,011017A089,R/Black;GreenPT,,,72,10.83,H707,juv
9/15/2017,H,F1H,0700ED990E,R/Grey;GreenPT,,F,68.5,10.87,H699,adult
9/15/2017,H,F1H,0700ED87B1,GreenPT;O/R,,M,72,12.84,H700,
9/15/2017,H,F4H,0700EE09F8,GreenPT;Y/R,,M,73,11.76,H708,juv
9/15/2017,H,F4H,0700EE341F,GreenPT;Blue/R,,,72,,H709,
9/15/2017,H,F3H,0700EE2A07,GreenPT;LB/R,,F,65,,H710,juv
9/15/2017,H,F3H,0700EDB544,GreenPT;G/R,,,70,,H711,adult
9/15/2017,H,F3H,0700EDAF43,GreenPT;Black/R,,,69,,H712,
9/15/2017,H,F3H,0700EDD8A3,GreenPT;Grey/R,,,71,,H713,juv
9/15/2017,H,F3H,0700EDEDF9,O/R;GreenPT,,F,67,,H714,
9/15/2017,H,F3H,011017A38C,Y/R;GreenPT,,F,67,,H715,juv
9/15/2017,H,F3H,0700ED90AA,LB/S2820-13348;GreenPT,2820-13348,,71,,H716,juv
9/15/2017,H,F1H,0700ED936A,Blue/R;GreenPT,,,71,,H717,juv
9/15/2017,H,F1H,0700ED985B,LB/R;GreenPT,,F,70,,H718,adult
9/15/2017,H,F3H,0700EE3F26,G/R;GreenPT,,M,73,,H720,adult
9/22/2017,H,F3H,0700ED9E61,Black/R;GreenPT,,,68,,H721,juv
9/22/2017,H,F3H,011017A126,Grey/R;GreenPT,,,70,,H722,juv
9/22/2017,H,F3H,0700EDB2DC,PurplePT;_,,,68,,H723,juv
9/22/2017,H,F3H,011017A362,_;PurplePT,,,70,,H724,juv
11/11/2017,H,F1H,011017A4CF,PurplePT;R,,F,66.5,,H725,
11/11/2017,H,F1H,0700EDADD1,PurplePT;Blue,,M,74,,H726,
11/11/2017,H,F1H,0700EDF205,PurplePT;LB,,,71,,H727,juv
11/11/2017,H,F2H,0700EDB49C,PurplePT;G,,M,69.5,,H728,
11/17/2017,H,F1H,011017A601,B/S2740-25658;GreenPT,2740-25658,,72,,H729,adult
11/18/2017,H,F2H,0700EE08CB,PurplePT;Black,,F,68.5,,H730,juv
11/29/2017,H,F1H,0700EE32AF,PurplePT;Grey,,,68,,H731,
11/29/2017,H,F1H,011017A1B1,PurplePT;Y,,,72,,H732,
11/29/2017,H,F2H,0700EDDCB5,PurplePT;O,,,71,,H733,juv
11/29/2017,H,F1H,011017A0AA,R;PurplePT,,M,75,,H734,adult
11/29/2017,H,F1H,0700EDA769,Blue;PurplePT,,M,73,,H735,adult
11/29/2017,H,F1H,0700EE220E,LB;PurplePT,,F,65.5,,H736,adult
11/29/2017,H,F4H,0700ED9FCD,Black;PurplePT,,F,66,,H737,juv
11/29/2017,H,F4H,011017A0F3,Grey;PurplePT,,F,67,,H738,juv
11/29/2017,H,F4H,0700EDB225,Y;PurplePT,,M,70,,H739,
11/29/2017,H,F4H,0700EDDF34,O;PurplePT,,F,67,,H740,juv
12/6/2017,H,F4H,0110179D6B,G;PurplePT,,F,66.5,,H741,adult
12/6/2017,H,F1H,0700EDD6B2,PurplePT;R/R,,M,72,,H742,juv
12/6/2017,H,F1H,011017A375,PurplePT;Blue/Blue,,F,70,,H743,adult
12/13/2017,H,F1H,0700EE0804,PurplePT;Black/Black,,F,67,,H744,juv
12/13/2017,H,F1H,01101798AA,PurplePT;G/G,,F,69,,H745,
12/13/2017,H,F3H,011017A7CF,PurplePT;LB/LB,,M,75,,H746,adult
12/13/2017,H,F1H,0700ED9BCF,PurplePT;Y/Y,,,71.5,,H747,juv
12/13/2017,H,F1H,0700EE0933,PurplePT;O/O,,F,67.5,,H748,juv
12/13/2017,H,F1H,0700EE4426,PurplePT;Grey/Grey,,,69.5,,H749,juv
12/13/2017,H,F1H,0700ED8873,R/R;PurplePT,,,72,,H750,juv
12/13/2017,H,F1H,0700ED89A6,Blue/Blue;PurplePT,,,68.5,,H751,juv
12/13/2017,H,F1H,0700EE31C6,Black/Black;PurplePT,,M,73,,H752,juv
12/22/2017,H,F1H,011017A58B,G/G;PurplePT,,M,71,,H753,juv
12/22/2017,H,F1H,0700EDA065,LB/LB;PurplePT,,,71,,H754,juv
12/22/2017,H,F1H,0700EDE00E,Blue/S2740-25731;GreenPT,2740-25731,,70,,H755,juv
12/22/2017,H,F1H,0110179AFB,Y/Y;PurplePT,,,71,,H756,
12/22/2017,H,F1H,0700EDCD3B,O/O;PurplePT,,,69,,H757,
12/27/2017,H,F3H,0700EE33F9,Grey/Grey;PurplePT,,,70,,H758,juv
12/27/2017,H,F1H,0110179E5D,PurplePT;R/Blue,,,71,,H759,adult
12/27/2017,H,F1H,0110179B73,PurplePT;R/Black,,,71.5,,H760,adult
1/1/2018,H,F1H,0700EE1132,PurplePT;R/G,,F,67.5,,H783; H808,juv
1/1/2018,H,F1H,0110179FA8,PurplePT;R/LB,,F,65,,,juv
1/1/2018,H,F1H,0700EE32E0,PurplePT;R/Y,,,71,,,
1/1/2018,H,F1H,0700EE3C50,PurplePT;R/O,,M,70.5,,H797,adult
1/12/2018,H,F3H,0110179CDC,PurplePT;R/Grey,,F,67,,H761,juv
1/12/2018,H,F3H,0700EDDAA7,R/Blue;PurplePT,,M,70,,H762,juv
1/12/2018,H,F3H,0700EDC991,R/Black;PurplePT,,,67.5,,H763,
1/17/2018,H,F3H,0700ED97C3,R/G;PurplePT,,F,65.5,,H764,
2/23/2018,H,F3H,0700EE1998,R/LB;PurplePT,,,71,,,juv
2/23/2018,H,F3H,0110179726,R/Y;PurplePT,,,70,,,juv
6/18/2018,H,BOX 1A H,0700EDAB8F,R/O;PurplePT,,M,70,,H765,adult
6/24/2018,H,BOX B24 H,0110179DD1,R/Grey;PurplePT,,F,71,,H770,adult
6/27/2018,H,BOX B32 H,0700EDF137,PurplePT;Blue/R,,F,67,,H778,adult
6/27/2018,H,BOX 18A H,011017A0F6,PurplePT;Black/R,,M,72,,H780,adult
6/27/2018,H,BOX 18A H,0700EE1015,PurplePT;G/R,,F,68.5,,H781,adult
6/27/2018,H,BOX 11 CEMENT H,01101795EF,PurplePT;LG/R,,F,68.5,,H782,adult
6/28/2018,H,BOX 39 H,0700EDE518,PurplePT;LB/R,,F,67.5,,H784,adult
6/28/2018,H,BOX B28 H,01101796CF,PurplePT;Y/R,,M,70,,H785,adult
7/3/2018,H,BOX 31 H,0700ED9194,PurplePT;O/R,,F,66,,H786,adult
7/5/2018,H,BOX 35-1A H,0700ED865D,PurplePT;Grey/R,,F,68,,H,adult
8/27/2018,H,F3H,01101798E7,Grey/S2820-13799;GPT,2820-13799,,69,,H788,juv
8/31/2018,H,F2H,0700EE411B,Blue/R;PurplePT,,,71,,H789,juv
8/31/2018,H,F2H,0700ED0584,Black/S2820-13636;WhitePT,2820-13636,M,72,,H790; H812,juv
8/31/2018,H,F2H,0700ED92CC,Black/R;PurplePT,,,68.5,,H791,
8/31/2018,H,F2H,0700EDE494,G/R;PurplePT,,,68.5,,H792,
9/25/2018,H,F4H,011017A0B2,Black/S2820-13861;GPT,2820-13861,,68,,H794,juv
12/12/2018,H,F1H,0700EE36B9,LB/R;PurplePT,,,71,,H795,juv
12/22/2018,H,F1H,0700EE29AB,Y/R;PurplePT,,,70,,,juv
12/22/2018,H,F1H,0700EDDC12,O/R;PurplePT,,F,66,,,juv
12/22/2018,H,F1H,0700EDB504,Grey/R;PurplePT,,,,,,juv
12/22/2018,H,F1H,0700EDC782,PurplePT;Blue/Black,,,67.5,,,juv
12/22/2018,H,F1H,0700EDD683,PurplePT;Blue/LB,,,68,,,juv
12/26/2018,H,F3H,0700ED9486,PurplePT;Blue/G,,,70,,,juv
12/26/2018,H,F3H,0700EDFC00,O/S2820-13801;GPT,2820-13801,,68,,HF851,juv
12/26/2018,H,F3H,01101798A1,PurplePT;Blue/Y,,,68,,,juv
12/26/2018,H,F1H,0700EDDD27,PurplePT;Blue/O,,,69,,,juv
12/30/2018,H,F1H,0700EDCBB7,PurplePT;Blue/Grey,,,72,,,juv
1/11/2019,H,F1H,011017A2FF,Blue/Black;PurplePT,,F,68,,H807,juv
1/11/2019,H,F1H,011017A764,Blue/LB;PurplePT,,,70,,,juv
1/11/2019,H,F3H,0700ED9ACB,Blue/G;PurplePT,,F,67,,,juv
1/11/2019,H,F1H,0700EE43AE,Blue/Y;PurplePT,,,69,,,juv
1/25/2019,H,F3H,0700EE242F,Blue/O;PurplePT,,F,67,,,juv
1/25/2019,H,F3H,011017A38D,Blue/Grey;PurplePT,,,72,,,juv
1/25/2019,H,F3H,0700EDB804,PurplePT;Black/Blue,,,71,,,juv
1/25/2019,H,F3H,0700EDDC65,PurplePT;LB/Blue,,,70.5,,,juv
1/25/2019,H,F1H,011017A00E,PurplePT;G/Blue,,,71,,,juv
3/11/2019,H,F1H,011016CF2B,PurplePT;Y/Blue,,F,66.5,,,juv
3/11/2019,H,F1H,01103F8CCB,PurplePT;O/Blue,,,68,,,juv
3/11/2019,H,F1H,01103F6B2D,PurplePT;Grey/Blue,,,70,,,juv
3/11/2019,H,F3H,011016DAB0,Black/Blue;PurplePT,,,68.5,,,
3/11/2019,H,F3H,01103F64A2,LB/Blue;PurplePT,,,72,,,juv
3/11/2019,H,F3H,01103F78B9,G/Blue;PurplePT,,,70,,,juv
3/11/2019,H,F1H,0700ED99D6,RedPT;Y/R,,M,74,,,adult
3/13/2019,H,F1H,011016AA87,Y/Blue;PurplePT,,,69.5,,,juv
3/13/2019,H,F1H,0110174484,S2820-13751/Y;WhitePT,2820-13751,F,65.5,,HF815,juv
3/13/2019,H,F1H,011016E6F6,O/Blue;PurplePT,,,71,,,
3/13/2019,H,F1H,011016F8EA,Grey/Blue;PurplePT,,F,63.5,,,juv
3/13/2019,H,F1H,011016BC93,PurplePT;G/LB,,,69.5,,,juv
3/13/2019,H,F1H,011016EC1F,PurplePT;G/Black,,,72,,,juv
3/15/2019,H,F3H,0110173587,S2820-13889/O;YPT,2820-13889,,71,,HF935,juv
3/15/2019,H,F3H,01101744BA,S2820-13905/G;WhitePT,2820-13905,,72,,HF951,juv
3/15/2019,H,F3H,011016E90A,PurplePT;G/O,,M,73.5,,,juv
3/15/2019,H,F3H,011016D7B8,G/Y;PurplePT,,,69.5,,,
3/18/2019,H,F3H,0110172798,S2820-13814/LB;WhitePT,2820-13814,,70,,HF864,juv
3/18/2019,H,F1H,011016DEED,PurplePT;G/Y,,,70,,,juv
3/18/2019,H,F1H,01101700D6,PurplePT;G/Grey,,F,66,,,juv
3/22/2019,H,F3H,011016D8FB,G/LB;PurplePT,,,69,,,juv
3/24/2019,H,F3H,011016A5C0,G/Black;PurplePT,,F,66.5,,,juv
3/24/2019,H,F1H,011016AF74,G/O;PurplePT,,,,,,juv
3/24/2019,H,F1H,011016AE4D,G/Grey;PurplePT,,F,66,,,juv
3/29/2019,H,F3H,011016D1FB,PurplePT;LB/G,,,69,,,juv
3/29/2019,H,F3H,011016BF32,PurplePT;Black/G,,,70.5,,,juv
3/29/2019,H,F3H,011016E240,PurplePT;O/G,,,70,,,juv
3/29/2019,H,F3H,011016B0B2,PurplePT;Y/G,,,67,,,juv
3/29/2019,H,F3H,011016D09F,PurplePT;Grey/G,,,65,,,juv
3/29/2019,H,F3H,011016BF54,LB/G;PurplePT,,,68,,,juv
3/29/2019,H,F3H,011016A6B4,Black/G;PurplePT,,,67.5,,,juv
3/29/2019,H,F3H,01103F8935,O/G;PurplePT,,,67.5,,,juv
3/29/2019,H,F3H,011016D443,Y/G;PurplePT,,,69.5,,,juv
3/29/2019,H,F3H,0110173156,S2820-13829/B;WhitePT,2820-13829,,71,,HF875,juv
3/29/2019,H,F3H,01101732B5,S2820-13592/Grey;WhitePT,2820-13592,,74,,HF728,juv
3/29/2019,H,F3H,011016BC94,Grey/G;PurplePT,,,71,,,adult
3/29/2019,H,F3H,011016DD63,PurplePT;Y/LB,,,72,,,juv
3/29/2019,H,F1H,011016EAC1,PurplePT;Y/Black,,,74,,,adult
3/29/2019,H,F1H,011016BE84,PurplePT;Y/O,,,71,,,juv
7/1/2019,H,BOX B19 H,011016E4E3,PurplePT;Y/Grey,,F,65,,H799,juv
7/1/2019,H,BOX 38-1 H,011016B5C8,Y/LB;PurplePT,,F,65,,H800,juv
7/1/2019,H,BOX 22B-2 H,011016BD62,Y/Black;PurplePT,,F,65,,H801,
7/1/2019,H,BOX 21A H,011016D3AB,Y/O;PurplePT,,F,65,,H802,
7/6/2019,H,BOX B32 H,011016C70D,Y/Grey;PurplePT,,M,70,,H809,
9/2/2019,H,F4H,011016A45C,PurplePT;LB/Y,,,73,,H817,
9/2/2019,H,F3H,01101742EF,S2850-50094/Black;WPT,2850-50094,,71,,H818,juv
9/20/2019,H,F3H,0110170406,W/S2850-50067;WPT,2850-50067,,66,,,juv
9/20/2019,H,F4H,0110171EAB,Y/S2820-13830;WPT,2820-13830,,75,,,adult
9/20/2019,H,F4H,01103F3973,PurplePT;Black/Y,,,71,,,juv
9/20/2019,H,F4H,011016E4E1,PurplePT;O/Y,,,69,,H843,juv
9/20/2019,H,F4H,011016D0C1,PurplePT;S2540-02007,2540-02007,,67,,,juv
9/20/2019,H,F4H,01103F9064,PurplePT;Grey/Y,,,,,,adult
9/20/2019,H,F3H,011016AC8F,LB/Y;PurplePT,,,71,,,juv
9/20/2019,H,F3H,011016D572,Black/Y;PurplePT,,,71.5,,,juv
9/20/2019,H,F3H,011016B0A5,O/Y;PurplePT,,,69,,,adult
9/20/2019,H,F4H,011017113D,G/S2850-50102;WPT,2850-50102,,71,,,juv
9/20/2019,H,F0H,011016B272,Grey/Y;PurplePT,,,70.5,,,adult
9/20/2019,H,F0H,011016CFBC,PurplePT;O/LB,,,71.5,,,juv
9/20/2019,H,F0H,011016AF70,PurplePT;O/Black,,,71,,,adult
9/23/2019,H,F2H,011016BF2F,PurplePT;O/Grey,,,68.5,,H819,adult
9/23/2019,H,F2H,011016EF4A,O/LB;PurplePT,,,69,,H820,adult
9/23/2019,H,F2H,01103F39F2,O/Black;PurplePT,,,67.5,,H821,juv
9/23/2019,H,F2H,011016EAEB,O/Grey;PurplePT,,,75.5,,H823,
9/23/2019,H,F2H,01101723F3,LB/S2820-13991;WPT,2820-13991,,73,,H822,juv
9/23/2019,H,F2H,011016D154,PurplePT;LB/O,,,67,,H824,juv
9/23/2019,H,F2H,011016BD4F,PurplePT;Black/O,,,71,,H825,juv
9/23/2019,H,F2H,011016F3EE,PurplePT;Grey/O,,,68,,H826,juv
9/23/2019,H,F2H,011016F551,LB/O;PurplePT,,,73,,H827,juv
9/23/2019,H,F1H,011016CC48,Black/O;PurplePT,,,69.5,,H828,juv
9/23/2019,H,F1H,011016A35C,Grey/O;PurplePT,,,72,,H829,adult
9/23/2019,H,F1H,011016E0EC,PurplePT;LB/Black,,,71,,H830,juv
9/23/2019,H,F1H,01101704D2,B/S2850-50130;WPT,2850-50130,,71,,H831,juv
9/23/2019,H,F5H,01103F6C0F,PurplePT;LB/Grey,,,74,,H832,juv
9/23/2019,H,F5H,011016C2C4,LB/Black;PurplePT,,,68,,H833,adult
9/23/2019,H,F5H,01103F399C,LB/Grey;PurplePT,,,70.5,,H834,juv
9/24/2019,H,F0H,011016A92C,PurplePT;Black/LB,,,75,,H835,adult
9/24/2019,H,F0H,0110172CF6,Grey/S2820-13666;WPT,2820-13666,,71,,H836,adult
9/24/2019,H,F0H,011016ADC1,PurplePT;Grey/LB,,,72,,H837,adult
9/25/2019,H,F3H,011016D163,Black/LB;PurplePT,,,72,,H838,juv
9/25/2019,H,F4H,0700EDE399,Grey/LB;PurplePT,,,69,,H839,juv
9/25/2019,H,F4H,011017A528,PurplePT;Grey/Black,,,71,,H840,adult
9/25/2019,H,F4H,0700EDA039,PurplePT;Black/Grey,,,68,,H841,juv
9/25/2019,H,F4H,0110174182,O/S2820-13589;WPT,2820-13589,,69.5,,H842,adult
10/1/2019,H,F1H,011017A318,Grey/Black;PurplePT,,,,,,juv
10/1/2019,H,F2H,011017A4CC,Black/Grey;PurplePT,,,66,,,juv
10/1/2019,H,F2H,0700EE1EDA,PurplePT;W,,,67,,,juv
10/1/2019,H,F2H,0700ED902C,PurplePT;W/R,,,76,,,adult
10/1/2019,H,F2H,011017A0B6,PurplePT;W/O,,,72,,,juv
10/1/2019,H,F2H,01101797D6,PurplePT;W/Blue,,,73.5,,,adult
10/1/2019,H,F2H,0700EE3EBF,PurplePT;W/LB,,,71,,,juv
10/1/2019,H,F2H,0700EE0EA8,PurplePT;W/G,,,70,,,juv
10/1/2019,H,F1H,0700EE1892,PurplePT;W/Black,,,71,,,juv
10/1/2019,H,F2H,011017A1AA,PurplePT;W/Grey,,,75,,,adult
10/1/2019,H,F2H,0700EE084F,S2820-13540/Y;BPT,2820-13540,,71,,,adult
10/2/2019,H,F4H,0700EDD4F2,S2820-13876/O;BPT,2820-13876,,69,,H844,adult
10/2/2019,H,F4H,0700EDBE06,PurplePT;W/W,,,68,,H845,juv
10/2/2019,H,F4H,0700EE06DC,S2850-50120/G;BPT,2850-50120,,66,,H846,juv
10/2/2019,H,F3H,0700EDC331,W;PurplePT,,,70,,H847,juv
10/2/2019,H,F3H,0700EDFDEB,S2820-13694/LB;BPT,2820-13694,,71,,H848,adult
10/2/2019,H,F3H,0700EE2DB0,W/R;PurplePT,,,68,,H849,juv
10/2/2019,H,F5H,0700EDA30F,W/O;PurplePT,,,71.5,,H850,juv
10/2/2019,H,F5H,01101795DD,W/Blue;PurplePT,,,71,,H851,adult
10/2/2019,H,F4H,0700EDF0D5,S2820-13773/B;BPT,2820-13773,,73,,H852,adult
10/2/2019,H,F4H,0700EDA581,W/LB;PurplePT,,,74,,H853,adult
10/2/2019,H,F3H,0700EE02EC,W/G;PurplePT,,,70,,H854,juv
10/2/2019,H,F5H,0700ED8963,W/Black;PurplePT,,,68,,H855,juv
10/2/2019,H,F5H,0110179C0E,W/Grey;PurplePT,,,67,,H856,adult
10/2/2019,H,F4H,0700EDC37C,S2820-50140/Grey;BPT,2820-50140,,71,,H857,juv
10/2/2019,H,F5H,0700EDC450,S2850-50092/Black;BPT,2850-50092,,69.5,,H858,juv
10/2/2019,H,F5H,0700EDFEC7,W/W;PurplePT,,,69,,H859,juv
10/4/2019,H,F0H,0700ED8D1B,PurplePT;R/W,,,71,,H860,juv
10/4/2019,H,F0H,0700ED9EB0,PurplePT;O/W,,,72,,H861,juv
10/4/2019,H,F0H,0110179B6B,PurplePT;Blue/W,,,71,,H862,juv
10/4/2019,H,F0H,0700ED8B4F,PurplePT;LB/W,,,69,,H863,adult
8/22/2014,L,F8L,0300023F00,BLACKPT;_,,M,74,12.3,L3,adult
8/22/2014,L,F2L,030003BC76,BLUEPT;_,,M,75.5,12.31,L1,adult
8/22/2014,L,F4L,0700EE04B3,_;BLUEPT,,F,69,11.2,L2; L295,adult
8/22/2014,L,F8L,0700EE182E,_;BLACKPT,,F,72,14.32,L4,adult
8/27/2014,L,F5L,0700EDF91A,BLACKPT;S2540-39287,2540-39287,M,70.5,11.77,L7; L293; L327,adult
8/27/2014,L,F7L,0700EDB710,BLUEPT;Blue,,M,73,12.4,L11,
8/27/2014,L,F7L,0700ED9F89,BLUEPT;LB,,M,73,12.65,L12,
8/27/2014,L,F8L,0700EE28DD,BLUEPT;G,,M,73.5,12.04,L13,adult
8/27/2014,L,F6L,0700EE0796,BLUEPT;S2720-43483,2720-43483,,70,12.07,L6,adult
8/27/2014,L,F6L,0700EDD7C6,GREYPT;_,,F,69.5,11.16,L9,
8/27/2014,L,F8L,0300037E52,YPT;_,,,69,11.02,L5; L361,
8/27/2014,L,F6L,0300035196,YPT;_,,M,72,12.53,L8,adult
8/27/2014,L,F6L,030002D01B,_;GREYPT,,,68.5,11.8,L10,
9/3/2014,L,F8L,030001F598,Blue;BLUEPT,,M,69.5,12.09,L20; L357,
9/3/2014,L,F7L,0300029B17,BLUEPT;LG,,,69.5,12.32,L14,
9/3/2014,L,F4L,0700EDF951,BLUEPT;Black,,M,71,12.29,L15; L285; L334,adult
9/3/2014,L,F8L,03000374B8,BLUEPT;Grey,,M,73,11.94,L16,
9/3/2014,L,F8L,030002ABB6,BLUEPT;Y,,M,67.5,10.32,L17; L269,
9/3/2014,L,F8L,0700EDFC08,BLUEPT;O,,,72,13.24,L18,adult
9/3/2014,L,F8L,0700EE0900,BLUEPT;W,,,69,11.54,L19; L267,
9/3/2014,L,F3L,0700EE2471,LB;BLUEPT,,M,71.5,11.89,L21; L290,
9/10/2014,L,F8L,0300021719,G;BLUEPT,,,68.5,10.69,L22; L275,
10/10/2014,L,F8L,03000238B6,Black;BLUEPT,,,70.5,12.3,L24,
10/10/2014,L,F3L,0700EDD882,LG;BLUEPT,,F,65,10.56,L23,
10/29/2014,L,F8L,0700EDE9E6,BLACKPT;Blue,,,70.5,12.04,L30,
10/29/2014,L,F8L,0300028A90,BLACKPT;LB,,,68.5,11.26,L31,
10/29/2014,L,F7L,0700EE22F5,BLACKPT;G,,M,73.5,11.86,L32,
10/29/2014,L,F6L,0700EE0832,BLACKPT;LG,,,70,12.06,L33,
10/29/2014,L,F6L,030001F5E3,BLUEPT;S2720-43627/W,2720-43627,F,67,11.25,L26; L246; L301,juv
10/29/2014,L,F6L,0700EE3185,Grey;BLUEPT,,,71,11.92,L25,
10/29/2014,L,F6L,03000268DB,O;BLUEPT,,M,73.5,12.23,L28,
10/29/2014,L,F8L,0300024BC6,W;BLUEPT,,M,74.5,11.88,L29,
10/29/2014,L,F6L,0700EE2F01,Y;BLUEPT,,F,68,10.51,L27,
11/3/2014,L,F4L,0700EDFA56,BLACKPT;Black,,M,70.5,9.52,L34,
11/3/2014,L,F4L,0700EDF49C,BLACKPT;Grey,,M,73.5,11.95,L35,
11/3/2014,L,F5L,0700ED987A,BLACKPT;O,,,70,10.28,L36,
11/3/2014,L,F5L,0700EE0FCF,BLACKPT;W,,,68,9.83,L37,
11/3/2014,L,F6L; box 13B L,0700EE0791,BlackPT;LG/S2720-43639,2720-43639,,69,11.14,L41,juv
11/3/2014,L,F4L,0700EE1229,BLACKPT;Y,,,68,10.52,none,
11/3/2014,L,F4L,0700EE2338,BLACKPT;Grey/S2720-43470,2720-43470,F,66,10.47,,adult
11/3/2014,L,F5L,0700EDFC9F,Blue;BLACKPT,,M,72.5,11.07,L38,
11/3/2014,L,F4L,0700ED9C83,G;BLACKPT,,M,71,10.97,L40; L331,
11/3/2014,L,F4L,0700EDED2A,LB;BLACKPT,,F,66.5,9.42,L39; L814,
11/3/2014,L,F6L,0700EDBBFC,LG;BLACKPT,,,72,10.55,L42,
11/10/2014,L,F2L, 030001BAA3,Black;BLACKPT,,M,70.5,10.75,L43; L282,adult
11/10/2014,L,F8L,0300024BC2,Blue;YPT,,M,70.5,11.74,L58,
11/10/2014,L,F2L,0300024622,G;YPT,,,71.5,11.54,L60; L330; L364,
11/10/2014,L,F2L,0700EE1E3D,Grey;BLACKPT,,M,71.5,11.56,L44; L318,
11/10/2014,L,F5L,0300023ABD,LB;YPT,,F,67,12.45,L59,
11/10/2014,L,F2L,0700EE0EAB,O;BLACKPT,,,70,11.64,L46,
11/10/2014,L,F2L,0700EDEBBE,W;BLACKPT,,,69,10.04,L47,
11/10/2014,L,F2L,0700ED9F1F,Y;BLACKPT,,M,70,11.08,L45,
11/10/2014,L,F2L,0300038570,YPT;Blue/S2720-43535,2720-43535,,72.5,12.86,L48,juv
11/10/2014,L,F5L,03000390F1,YPT;Blue,,F,66.5,10.85,L49,
11/10/2014,L,F8L,030002B51B,YPT;LB,,,71.5,12.15,L50,
11/10/2014,L,F7L,030002BA36,YPT;G,,,71.5,12.29,L51,
11/10/2014,L,F7L,030003ACE9,YPT;LG,,,70.5,10.59,L52,
11/10/2014,L,F7L,030002D697,YPT;Black,,M,73.5,12.95,L53; L266,
11/10/2014,L,F7L,03000238E7,YPT;Grey,,,71.5,11.3,L54,
11/10/2014,L,F7L,030001E5EE,YPT;Y,,,70.5,11.23,L55,
11/10/2014,L,F7L,03000298F3,YPT;O,,F,71,10.87,L56,
11/10/2014,L,F6L,0300025C11,YPT;W,,M,72,11.8,L57; L251,
11/10/2014,L,F5L,0300027CC3,YPT;S2720-43484/G,2720-43484,,71.5,,,adult
11/14/2014,L,F1L,030001EDEB,Black;YPT,,M,75,12.67,L62,
11/14/2014,L,F10,030001C4F8,Blue;GREYPT,,,69.5,,L76; L310,
11/14/2014,L,F1L,030001CE0E,Grey;YPT,,,70,10.36,L63,
11/14/2014,L,F9L,0700ED98D3,GREYPT;Blue,,,72,12.71,L67,
11/14/2014,L,F9L,0700EE12AD,GREYPT;LB,,F,67,,L68,
11/14/2014,L,F9L,0700EDACDA,GREYPT;G,,M,72,,L69,
11/14/2014,L,F9L,030001AA57,GREYPT;LG,,M,70,,L70; L271; L311,
11/14/2014,L,F9L,0700EE1FBA,GREYPT;Black,,,72.5,,L71,
11/14/2014,L,F9L,0700EDE5DD,GREYPT;Grey,,,72,,L72,
11/14/2014,L,F10,0700ED8F36,GREYPT;Y,,M,74,,L73,
11/14/2014,L,F10,0700EE0EE4,GREYPT;O,,,67.5,,L74,
11/14/2014,L,F10,030003B798,GREYPT;W,,,68.5,,L75,
11/14/2014,L,F1L,030003BC9C,LG;YPT,,F,66.5,10.89,L61,
11/14/2014,L,F1L,030001FBB1,O;YPT,,F,66.5,11.15,L65; L324,
11/14/2014,L,F9L,03000393B8,W;YPT,,,69,,L66,
11/14/2014,L,F1L,030002A904,Y;YPT,,M,74,11.05,L64,
11/19/2014,L,F12L,0300005334,Black;GREYPT,,,71.5,11.23,L81,
11/19/2014,L,F12L,0700EDDEED,BLUEPT;Blue/Blue,,M,68.5,11.07,L85,
11/19/2014,L,F12L,0700EDE654,BLUEPT;Black/Black,,,69,10.23,L86,
11/19/2014,L,F9L,0700EDBE0A,BLUEPT;G/G,,F,67,10.67,L87,
11/19/2014,L,F9L,0300029FD8,BLUEPT;LG/LG,,,71.5,12.34,L88,
11/19/2014,L,F9L,0700EE1214,G;GREYPT,,F,68,11.23,L78; L263; L344,
11/19/2014,L,F12L,030001F82D,Grey;GREYPT,,M,73,12.15,L82,
11/19/2014,L,F6L,0700EE3087,GREYPT;S2540-39274,2540-39274,F,68,10.29,L79; L385,adult
11/19/2014,L,F9L,0700EDC701,LB;GREYPT,,,72,11.32,L77,
11/19/2014,L,F12L,0300024AB8,LG;GREYPT,,,70.5,11.59,L80,
11/19/2014,L,F12L,0700EDB6AE,O;GREYPT,,,70,10.89,L84,
11/19/2014,L,F9L,03000158F3,W;GREYPT,,,72,12.2,none,
11/19/2014,L,F12L,0700EE36E7,Y;GREYPT,,,70,11.09,L83,
11/21/2014,L,F1L,0700EE22BD,BLUEPT;LB/LB,,,67.5,11.67,L89,
11/21/2014,L,F5L,030001E139,BLUEPT;Y/Y,,,70.5,11.2,L91,
11/21/2014,L,F5L,0700EDD850,BLUEPT;O/O,,,71.5,12.75,L92; L262,
11/21/2014,L,F4L; IFBOX 6,0300035E65,GREYPT;S2540-39355/G,2540-39355,M,73,12.25,L90; L322,adult
12/26/2014,L,F8L,0700EE0C1C,BLACKPT;Blue/Blue,,,68,11.37,,
12/26/2014,L,F8L,0700EE1694,BLACKPT;Black/Black,,,70,12.54,,
12/26/2014,L,F8L,0700EE268F,BLACKPT;G/G,,M,73,13.22,,
12/26/2014,L,F8L,0700EE1AE9,BLACKPT;LB/LB,,,70,12.01,L341; L354,
12/26/2014,L,F8L,0700EE07EA,BLACKPT;Y/Y,,M,74,12.66,,
12/26/2014,L,F8L,0700EDAF9D,BLACKPT;O/O,,,72,13.09,,
12/26/2014,L,F8L,0700ED9AA8,BLACKPT;Grey/Grey,,,69,12.74,,
12/26/2014,L,F8L,0700EDB7ED,BLACKPT;LG/LG,,M,71,13.05,L253,
12/26/2014,L,F8L,0700EDC868,BLACKPT;W/W,,F,71,11.59,,
12/26/2014,L,F3L,0300039338,Black/Black;BLUEPT,,,70,11.93,,
12/26/2014,L,F3L,0700EDC784,BLUEPT;Grey/Grey,,,69,11.23,,
12/26/2014,L,F3L,030001C868,BLUEPT;W/W,,,72,12.09,,
12/26/2014,L,F3L,030001A1C9,BLUEPT;S2720-43477/LB,2720-43477,M,75,12.68,,adult
12/26/2014,L,F3L,03000210A4,Blue/Blue;BLUEPT,,M,74,12.5,,
12/26/2014,L,F8L,0700EE3B1E,Blue/Blue;BLACKPT,,F,66,11.96,L255,
12/26/2014,L,F3L,0700EDD143,G/G;BLUEPT,,M,73,13.2,,
12/26/2014,L,F8L,03000338A4,Grey/Grey;BLUEPT,,,69,12.16,L254,
12/26/2014,L,F8L,0300028599,LB/LB;BLUEPT,,M,74,12.94,,
12/26/2014,L,F3L,0700EDC275,LG/LG;BLUEPT,,F,67,11.05,L99,
12/26/2014,L,F8L,030001B0D7,O/O;BLUEPT,,,69,12.45,,
12/26/2014,L,F8L,0700EDD343,W/W;BLUEPT,,F,66,12.07,,
12/26/2014,L,F8L,0700EE1AAD,Y/Y;BLUEPT,,,71,12.81,L355,
1/9/2015,L,FS F1 L,0700EDF229,Black/Black;BLACKPT,,,67.5,,,
1/9/2015,L,FS F1 L,0700EE2652,G/G;BLACKPT,,,69.5,,,
1/14/2015,L,F3L,0300019E94,BLUEPT;Y/S2720-43597,2720-43597,,70,11.9,,juv
1/14/2015,L,F3L,0700EE26D8,BLUEPT;S2720-43636/Y,2720-43636,,71,11.2,L228; L281; L352,juv
1/14/2015,L,F3L,0700EE16FA,BLUEPT;O/S2720-43543,2720-43543,F,66,11.01,,juv
1/14/2015,L,F3L,0700EDFF75,Grey/Grey;BLACKPT,,F,71,,,
1/14/2015,L,F3L,0700EDF2A7,LB/LB;BLACKPT,,,68,10.34,,
1/14/2015,L,F3L,0700EDE803,LG/LG;BLACKPT,,M,75.5,12.76,,
1/14/2015,L,F3L,0700EE3386,O/O;BLACKPT,,F,69,11.2,L340,
1/14/2015,L,F3L,0700EDD3BC,Y/Y;BLACKPT,,,67.5,10.57,,
6/22/2015,L,BOX 5 L,03000357DA,W/W;BLACKPT,,F,65.5,,L93,adult
6/22/2015,L,BOX 4 L,030002A272,YPT;Blue/Blue,,M,72,,L100,adult
6/22/2015,L,BOX 4 L,03000328BB,YPT;Black/Black,,F,66,,L101,adult
6/22/2015,L,BOX 67 L,0300038D22,YPT;G/G,,M,70,,L102,adult
6/22/2015,L,BOX 5 L,03000274CD,YPT;LB/LB,,M,75,,L94,adult
6/22/2015,L,BOX 14 L,030002AF09,YPT;Y/S2720-43467,2720-43467,F,68,,L95,adult
6/22/2015,L,BOX 14 L,0300030FD8,YPT;Y/Y,,M,73,,L96; L876,adult
6/22/2015,L,BOX 42 L,03000365FE,YPT;O/O,,M,71.5,,L97,adult
6/24/2015,L,BOX 68 L,030002CF5E,YPT;Grey/Grey,,F,72,,L110,adult
6/24/2015,L,BOX 64A L,030001CC09,YPT;W/W,,F,68.5,,L115,adult
6/30/2015,L,BOX 19 L,03000209BC,Black/Black;YPT,,F,66.5,,L158,adult
6/30/2015,L,BOX 19 L,0700EE2D14,Blue/Blue;YPT,,M,72,,L157,adult
6/30/2015,L,BOX 34 L,0300023DD0,G/G;YPT,,F,68,,L159,adult
6/30/2015,L,BOX 95 L,030001EC87,LG/LG;YPT,,F,71.5,,L160,adult
7/1/2015,L,BOX 82 L,0700EE243D,GREYPT;S2540-39284/Y,2540-39284,M,75,,L167,adult
7/1/2015,L,BOX 82 L,0300022151,Grey/Grey;YPT,,F,69.5,,L166,adult
7/1/2015,L,BOX 28 L,0300035D05,LB/LB;YPT,,F,64,,L162,adult
7/1/2015,L,BOX 95 L,03000321CC,O/O;YPT,,M,70,,L165,adult
7/1/2015,L,BOX 26 L,030002FE1D,YPT;O/S2720-43594,2720-43594,F,66.5,,L161,adult
7/1/2015,L,BOX 28 L,0300039CDC,YPT;LG/S2720-43476,2720-43476,M,74,,L163,adult
7/1/2015,L,BOX 59 L,0300027CC1,Y/Y;YPT,,F,67.5,,L164,adult
7/2/2015,L,BOX 57 L,0300025B42,GREYPT;Blue/Blue,,F,66.5,,L169,adult
7/2/2015,L,BOX 9 L,0300023AA1,GREYPT;O/S2720-43494,2720-43494,M,72.5,,L170,adult
7/2/2015,L,BOX 9 L,0300020B2F,GREYPT;Blue/S2720-43505,2720-43505,F,66.5,,L171,adult
7/2/2015,L,BOX 57 L,030003A40E,W/W;YPT,,M,70.5,,L168; L264,adult
7/4/2015,L,BOX 38 L,0700EDFF49,GREYPT;Black/S2720-43488,2720-43488,F,66,,L202,adult
7/4/2015,L,BOX 38 L,0700EDBBDA,GREYPT;G/S2720-43544,2720-43544,M,69,,L203,adult
7/4/2015,L,BOX 86 L,0700EE2D2F,GREYPT;Black/Black,,F,68,,L204,adult
8/19/2015,L,F3L,0700EDF117,GREYPT;G/G,,F,65,11.68,L226,
8/19/2015,L,F3L,0700EE2C9F,GREYPT;LG/LG,,F,68,10.96,L227,adult
8/19/2015,L,F3L,0700EE052C,GREYPT;LB/LB,,F,66,10.53,L230; L924,
8/19/2015,L,F3L,0700EDAF92,GREYPT;Y/Y,,,70.5,11.76,L229,juv
8/19/2015,L,F3L,0700EDADAF,GREYPT;O/O,,F,73.5,12.65,L232,adult
8/19/2015,L,F3L,0700EDA9B0,GREYPT;Grey/Grey,,,71,11.59,L233,juv
8/19/2015,L,F3L,0700EE164C,YPT;W/S2740-25339,2740-25339,,68.5,11.66,LF200; L200,juv
8/19/2015,L,F3L,0700EE4393,YPT;S2740-25039/W,2740-25039,,71,11.76,L225,juv
8/19/2015,L,F2L,0700EDC967,YPT;Black/S2540-39203,2540-39203,M,72.5,12.92,L231,adult
8/24/2015,L,F6L,0700EDB700,Black/Black;GREYPT,,,69,10.75,L237,adult
8/24/2015,L,F6L,0700EE2E69,BLUEPT;G/LG,,,72,12.82,L245,juv
8/24/2015,L,F6L,0700EE0CAF,BLUEPT;G/LB,,,70,11.78,L248,juv
8/24/2015,L,F6L,0700EE0CE2,BLUEPT;G/Blue,,,72,11.47,L249,juv
8/24/2015,L,F6L,0700EE403D,BLUEPT;G/Y,,F,66,10.7,L250,juv
8/24/2015,L,F6L,0700EDB9A3,Blue/Blue;GREYPT,,,70,12.15,L236,juv
8/24/2015,L,F6L,0700EDB8E2,G/G;GREYPT,,M,70,11.55,L238,adult
8/24/2015,L,F4L,0700EE04E2,GREYPT;W/S2740-25042,2740-25042,,71,11.53,L234,juv
8/24/2015,L,F5L,0700EDF56D,GREYPT;W/W,,M,71.5,11.92,L235,juv
8/24/2015,L,F5L,0700EDE0DC,Grey/Grey;GREYPT,,M,73,12.18,L243,juv
8/24/2015,L,F6L,0700ED9150,LB/LB;GREYPT,,F,66.5,10.65,L240,juv
8/24/2015,L,F6L,0700EDF371,LG/LG;GREYPT,,,69,11.41,L239,juv
8/24/2015,L,F5L,0700EDBE94,O/O;GREYPT,,,70,11.19,L242,adult
8/24/2015,L,F6L,0700EDF9A8,W/W;GREYPT,,F,66,11.2,L244,juv
8/24/2015,L,F5L,0700EE0CD0,YPT;S2720-43485/LB,2720-43485,,70.5,11.83,L247,adult
8/24/2015,L,F5L,0700EDEA14,Y/Y;GREYPT,,M,72.5,12.24,L241,adult
8/31/2015,L,F9L,0700EE3D69,BLACKPT;G/LG,,F,66.5,11.43,L274,adult
8/31/2015,L,F9L,0700ED86F9,BLACKPT;G/LB,,F,66.5,12.37,L276,adult
8/31/2015,L,F7L,0700EE106D,BLACKPT;G/Blue,,,69.5,12.06,L277,
8/31/2015,L,F7L,0700EE27EB,BLUEPT;G/O,,,,,L252,
8/31/2015,L,F9L,0700EDA64F,BLUEPT;G/W,,,68,11.23,L256,juv
8/31/2015,L,F9L,0700EE122D,BLUEPT;G/Black,,,69,10.67,L257,juv
8/31/2015,L,F9L,0700EDA810,BLUEPT;G/Grey,,M,73.5,12.26,L258,adult
8/31/2015,L,F9L,0700EDEDCD,G/Black;BLUEPT,,,67.5,11.45,L272,
8/31/2015,L,F9L,0700EDD440,G/Blue;BLUEPT,,M,73,11.56,L261; L735,adult
8/31/2015,L,F7L,0700EDC62E,G/Grey;BLUEPT,,,68,11.46,L273,juv
8/31/2015,L,F9L,0700EDECF8,G/LB;BLUEPT,,,71,12.11,L259,adult
8/31/2015,L,F9L,0700EDF2CA,G/LG;BLUEPT,,M,75,12.07,L260,adult
8/31/2015,L,F8L,0700EE4473,G/O;BLUEPT,,,71,,L268,adult
8/31/2015,L,F8L,0700EDAF28,G/W;BLUEPT,,,69,11.21,L270,juv
8/31/2015,L,F9L,0700EDA1F5,G/Y;BLUEPT,,F,67,10.46,L265,adult
9/4/2015,L,F3L,0700ED935E,BLACKPT;G/Y,,,71.5,11.62,L278,adult
9/4/2015,L,F3L,0700EDA1AE,BLACKPT;S2720-43489/W,2720-43489,F,71,10.78,L279,adult
9/4/2015,L,F3L,0700EDB448,BLACKPT;G/O,,F,67,10.5,L280,juv
9/4/2015,L,F2L,0700EE35C0,BLACKPT;G/W,,,70,11.16,L283,adult
9/4/2015,L,F2L,0700EDA8DD,BLACKPT;G/Black,,,70,11.61,L284,adult
9/4/2015,L,F4L,0700EDC72C,BLACKPT;G/Grey,,,72,11.24,L286,adult
9/4/2015,L,F5L,0700EDE9FE,BLACKPT;W/S2720-43486,2720-43486,,70,11.82,L292,adult
9/4/2015,L,F3L,0700EDFC73,BLACKPT;Y/S2740-25096,2740-25096,,70.5,12.4,L294,juv
9/4/2015,L,F4L,0700ED97FC,BLUEPT;W/S2720-43493,2720-43493,F,69.5,11.36,L302,adult
9/4/2015,L,F6L,0700EE1D35,G/Black;BLACKPT,,F,69,11.03,L298; L380,adult
9/4/2015,L,F3L,0700EDB10A,G/Blue;BLACKPT,,F,70.5,11.96,L289,juv
9/4/2015,L,F5L,0700ED8B4D,G/Grey;BLACKPT,,,69,12.52,L299,juv
9/4/2015,L,F2L,0700ED9156,G/LB;BLACKPT,,F,70.5,11.34,L288; L682,
9/4/2015,L,F4L,0700EDA70B,G/LG;BLACKPT,,M,71,11.69,L287,adult
9/4/2015,L,F3L,0700EDF46B,G/O;BLACKPT,,,71,10.17,L296,adult
9/4/2015,L,F5L,0700EDC6A6,G/W;BLACKPT,,F,67,11.04,L297,adult
9/4/2015,L,F5L,0700EDA6A5,G/Y;BLACKPT,,,70,12.15,L291?,juv
9/4/2015,L,F5L,0700EE01DB,YPT;G/LG,,,71.5,12.73,L300,juv
9/4/2015,L,F9L,0700ED8C62,YPT;G/LB,,,70,11.75,L303,juv
9/9/2015,L,F8L,0700EDC0CD,G/Black;YPT,,,69.5,11.1,L317,juv
9/9/2015,L,F10L,0700EDCC4E,G/Blue;YPT,,,72,12.34,L313,juv
9/9/2015,L,F10L,0700EDCFEE,G/LB;YPT,,,68,10.88,L312,
9/9/2015,L,F10L,0700EDC1CA,G/LG;YPT,,,68,10.87,L309,
9/9/2015,L,F8L,0700EE0C3E,G/O;YPT,,,71,10.91,L315,adult
9/9/2015,L,F8L,0700EE2529,G/W;YPT,,,70,11.71,L316,juv
9/9/2015,L,F10L,0700EE2CC3,G/Y;YPT,,,69,10.25,L314,
9/9/2015,L,F9L,0700EDCEB2,YPT;G/Blue,,,70,12.14,L304,juv
9/9/2015,L,F10L,0700EDF754,YPT;G/Y,,,72,12.52,L305,
9/9/2015,L,F10L,0700EDBD29,YPT;G/O,,,71,,,juv
9/9/2015,L,F10L,0700EDBAD4,YPT;G/W,,,69.5,10.8,L306,adult
9/9/2015,L,F10L,0700EDF4B5,YPT;G/Black,,,71.5,11.76,L307,juv
9/9/2015,L,F10L,0700EDAAE7,YPT;G/Grey,,M,73,11.32,L308,
9/18/2015,L,F3L,0700EDC4F2,G/Black;GREYPT,,,68,11.7,L339?,juv
9/18/2015,L,?,0700EE4214,G/Blue;GREYPT,,,70.5,11.72,L335,adult
9/18/2015,L,F1L,0700EE1664,G/Grey;YPT,,M,70,11.96,L319,
9/18/2015,L,F1L,0700EE3D89,G/LB;GREYPT,,M,72.5,12.22,L333,adult
9/18/2015,L,F5L,0700EDECD8,G/O;GREYPT,,,71,11.32,L337,
9/18/2015,L,F3L,0700EE43B8,G/W;GREYPT,,M,73.5,12.06,L338,juv
9/18/2015,L,?,0700EDFEE7,G/Y;GREYPT,,F,67,10.81,L336,adult
9/18/2015,L,F4L,0110179868,GREENPT;S2720-43492,2720-43492,,,,L325,adult
9/18/2015,L,F4L,0700EE28B9,GREYPT;G/LB,,M,74.5,12.15,L320; L749,adult
9/18/2015,L,F1L,0700EDA554,GREYPT;G/Blue,,,68,10.65,L321,adult
9/18/2015,L,F1L,0700EDFD3A,GREYPT;G/Y,,M,74.4,12.12,L323; L773,
9/18/2015,L,F3L,0700EE3A95,GREYPT;G/O,,,68,11.43,L326,juv
9/18/2015,L,?,0700EE0B52,GREYPT;G/W,,,72.5,11.92,L328,adult
9/18/2015,L,F3L,0700EE231A,GREYPT;G/Black,,,70.5,12.59,L329,
9/18/2015,L,F4L,0700EDF88A,GREYPT;G/Grey,,,72.5,12.32,L332,
9/23/2015,L,F10L,0700EDEFDE,BLUEPT;B/G,,,70,11.98,L343,
9/23/2015,L,F9L,0700EDD17B,BLUEPT;B/LG,,M,73,12.05,L345,
9/23/2015,L,F7L,0700EDFCB1,G/Grey;GREYPT,,M,74,12.11,L342,juv
10/21/2015,L,F9L,0700EDB3B3,B/G;BLUEPT,,,72,,L358,
10/21/2015,L,F8L,0700EDE972,B/LB;BLUEPT,,,70,,L959,
10/21/2015,L,F9L,0700EE2A15,B/LG;BLUEPT,,F,67,,L359,
10/21/2015,L,F9L,0700EDF8B6,B/O;BLUEPT,,M,75,,L360,
10/21/2015,L,F9L,0700EE3876,B/W;BLUEPT,,M,73.5,,L362,
10/21/2015,L,F3L,0700EDAA0B,B/Y;BLUEPT,,,69,,L363,
10/21/2015,L,F2L,0700EE3402,BLUEPT;B/LG,,M,76.5,12.05,L348,
10/21/2015,L,F2L,0700EDB2AB,BLUEPT;B/O,,M,73.5,11.27,L349,
10/21/2015,L,F4L,0700EE05D4,BLUEPT;B/W,,M,74,11.13,L350; L738; L815,
10/21/2015,L,F3L,0700EDD808,BLUEPT;B/Y,,,70.5,10.91,L351,
10/21/2015,L,F7L,0700EDE95E,BLUEPT;B/Black,,M,73.5,11.4,L353,
10/21/2015,L,F8L,0700EDF33B,BLUEPT;B/Grey,,M,74,,L356,
10/21/2015,L,F8L,0700EDE6A4,BLUEPT;Y/LB,,,67.5,,L365,
10/21/2015,L,F8L,0700EE404E,BLUEPT;Y/G,,,69.5,,L366,
10/21/2015,L,F3L,0700EDD66C,BLUEPT;Y/W,,M,74,,L367,
10/21/2015,L,F7L,0700EDA83E,GREYPT;G/LG,,,69,10.57,L346,
10/21/2015,L,F9L,0700EDAC08,YPT;S2720-43572,2720-43572,,71,11.54,L347,adult
10/23/2015,L,F5L,0700EE44ED,B/Black;BLUEPT,,,69,9.96,L368,
10/23/2015,L,F5L,0700EE3A90,B/Grey;BLUEPT,,,69,10.5,L369,
10/23/2015,L,F5L,0700EDEF2A,BLACKPT;B/G,,,72.5,11.39,L370,
10/23/2015,L,F5L,0700EDADD0,BLACKPT;B/LG,,,72,11.2,L371,
10/23/2015,L,F5L,0700ED86DA,BLACKPT;B/O,,,68,11.89,L372,
10/23/2015,L,F5L,0700EE074E,BLACKPT;B/W,,M,74.5,11.66,L373,
10/23/2015,L,F5L,0700EDD6CF,BLACKPT;B/Y,,M,73,11.51,L374,
10/23/2015,L,F6L,0700EDD2F8,BLACKPT;B/LB,,,72,11.05,L375,
10/23/2015,L,F5L,0700EDD085,BLACKPT;B/Black,,M,73,,L376,
11/14/2015,L,F8L,0700EDC40A,B/Black;BLACKPT,,,72,,,
11/14/2015,L,F3L,0700EDCF76,B/Black;YPT,,,72,,,
11/14/2015,L,F3L,0700EDD8B9,B/G;BLACKPT,,M,73.5,,L423,
11/14/2015,L,F3L,0700EDAB41,B/G;YPT,,,70.5,,,
11/14/2015,L,F8L,0700ED8E00,B/Grey;BLACKPT,,,70,,,
11/14/2015,L,F8L,0700EDBEED,B/Grey;YPT,,,68,,,
11/14/2015,L,F3L,0700ED8825,B/LB;BLACKPT,,M,73,,,
11/14/2015,L,F3L,0700EDEC59,B/LB;YPT,,M,75,,,
11/14/2015,L,F3L,0700EE184D,B/O;BLACKPT,,,72,,,
11/14/2015,L,F3L,0700EE05F8,B/O;YPT,,,69,,,
11/14/2015,L,F3L,0700EE3E16,B/W;BLACKPT,,,69,,,
11/14/2015,L,F3L,0700EDD7D6,B/W;YPT,,,70,,,
11/14/2015,L,F3L,0700ED9C95,B/Y;BLACKPT,,,71,,,
11/14/2015,L,F3L,0700EE1EB9,B/Y;YPT,,,72,,,
11/14/2015,L,F3L,0700EDD14F,BLACKPT;B/Grey,,F,67,,,
11/14/2015,L,F8L,0700EDC6C0,GREYPT;B/G,,M,71,,L887,
11/14/2015,L,F8L,0700EE1812,GREYPT;B/O,,,69.5,,,
11/14/2015,L,F3L,011017A80B,WPT;S2540-39279,2540-39279,F,65,,,adult
11/14/2015,L,F8L,0700EDE020,YPT;B/G,,M,73,,L695,
11/14/2015,L,F8L,0700EDC1AB,YPT;B/O,,M,74,,,
11/14/2015,L,F8L,0700EDEF57,YPT;B/W,,M,70,,L615**NOT A LOT!,
11/14/2015,L,F8L,0700EE2425,YPT;B/Y,,M,73,,L917,
11/14/2015,L,F8L,0700EE20F1,YPT;B/LB,,,70,,,
11/14/2015,L,F8L,0700EE16D8,YPT;B/Black,,,70,,,
11/14/2015,L,F3L,0700ED8B6F,YPT;B/Grey,,M,75,,,
1/25/2016,L,F8L,0700EE17CA,B/Black;GREYPT,,M,73,,,
1/25/2016,L,F8L,0700EE2A32,B/G;GREYPT,,,71,,,
1/25/2016,L,F8L,0700EE38ED,YPT;S2540-39281/O,2540-39281,,71,,,adult
1/25/2016,L,F8L,0700EE3B91,B/Grey;GREYPT,,,72,,,
1/25/2016,L,F8L,0700EDDB0C,B/LB;GREYPT,,,71,,,
1/25/2016,L,F8L,0700EDDE94,B/O;GREYPT,,F,67,,,
1/25/2016,L,F8L,0700EDB578,B/W;GREYPT,,,72,,,
1/25/2016,L,F8L,0700ED9C97,B/Y;GREYPT,,,68,,,
1/25/2016,L,F8L,0700EDA00D,BLACKPT;Y/B,,M,73,,,
1/25/2016,L,F8L,0700EE1454,BLACKPT;Y/LB,,F,67,,,
1/25/2016,L,F8L,0700EE3E64,BLACKPT;Y/G,,M,75,,,
1/25/2016,L,F8L,0700EDCB5E,BLACKPT;Y/W,,,69,,,
1/25/2016,L,F8L,0700EDFE25,BLACKPT;Y/O,,M,75,,,
1/25/2016,L,F8L,0700EE2033,BLACKPT;Y/Black,,M,75,,,
1/25/2016,L,F3L,0700EE0FBD,BLACKPT;Y/Grey,,M,74,,L379,
1/25/2016,L,F8L,0700EE2499,BLUEPT;Y/B,,,67.5,,,
1/25/2016,L,F8L,0700EDC1B1,BLUEPT;Y/O,,M,72,,L693,
1/25/2016,L,F8L,0300036E10,BLUEPT;Y/Black,,M,74,,,
1/25/2016,L,F8L,03000212EE,BLUEPT;Y/Grey,,,69,,,
1/25/2016,L,F3L,0700EE2C3C,GREYPT;B/W,,,71.5,,,
1/25/2016,L,F3L,0700EE436E,GREYPT;B/Y,,M,76,,,
1/25/2016,L,F3L,0700ED9919,GREYPT;B/LB,,M,74,,,
1/25/2016,L,F8L,0700EE046F,GREYPT;B/Black,,,71,,,
1/25/2016,L,F8L,011017A287,GREENPT;S2720-43529,2720-43529,,70,,,adult
1/25/2016,L,F8L,0700EE2C01,YPT;S2700-26868/Y,2700-26868,M,76,,,
1/25/2016,L,F8L,0700EDCDC8,GREYPT;B/Grey,,M,76,,,
1/25/2016,L,F8L,0700EDE405,Y/B;BLUEPT,,M,73,,,
1/25/2016,L,F3L,0700EDA33C,Y/B;BLACKPT,,,70,,,
1/25/2016,L,F8L,0700EDE944,Y/Black;BLUEPT,,,70,,,
1/25/2016,L,F8L,0700EE232A,Y/G;BLUEPT,,M,73,,,
1/25/2016,L,F8L,0700EE279D,Y/Grey;BLUEPT,,F,69,,L617,
1/25/2016,L,F8L,030003CB5F,Y/LB;BLUEPT,,M,74,,,
1/25/2016,L,F8L,0700EDC71D,Y/O;BLUEPT,,M,73,,,
1/25/2016,L,F8L,0700EE3D3A,Y/W;BLUEPT,,,68,,,
2/12/2016,L,F8L,0700EDEAA5,YPT;S2720-43561/B,2720-43561,M,74,,,adult
2/12/2016,L,F8L,0700EDC9F4,YPT;Y/B,,,71,,,
2/12/2016,L,F8L,0700EE1384,YPT;Y/LB,,M,74,,,
2/12/2016,L,F8L,0700EDE2B8,Y/Black;BLACKPT,,,70,,,
2/12/2016,L,F8L,0700EDA90A,Y/G;BLACKPT,,F,68,,L393,
2/12/2016,L,F8L,0700EDCA6D,Y/Grey;BLACKPT,,,70,,,
2/12/2016,L,F8L,0700EDBDFF,Y/LB;BLACKPT,,,72,,,
2/12/2016,L,F8L,0700EDD168,Y/O;BLACKPT,,,68,,,
2/12/2016,L,F8L,0700EE06E9,Y/W;BLACKPT,,,72,,,
6/18/2016,L,BOX 3 L,0700EE1A6C,YPT;Y/G,,M,72,,L377,adult
6/18/2016,L,BOX 3 L,0700EDAD4A,YPT;Y/W,,F,69,,L378,adult
6/20/2016,L,BOX 46 L,0700EDD5E8,YPT;Y/O,,M,73.5,,L381,adult
6/21/2016,L,BOX IF5 L,0700EDE165,YPT;Y/Black,,F,67,,L382,adult
6/21/2016,L,BOX 1 L,0700EE1C15,YPT;Y/Grey,,M,71,,L383,adult
6/21/2016,L,BOX 81 L,0700EDF4FF,Y/B;YPT,,M,71,,L384,adult
6/22/2016,L,BOX 81 L,0700ED8674,YPT;S2540-39259/Grey,2540-39259,F,68,,L388,adult
6/22/2016,L,BOX 77 L,0700ED925A,Y/G;YPT,,F,68.5,,L387,adult
6/22/2016,L,BOX IF1A L,0700EE32E4,Y/LB;YPT,,M,69,,L386,adult
6/22/2016,L,BOX 77 L,0700EDCBBD,Y/W;YPT,,M,69,,L389,adult
6/24/2016,L,BOX 48 L,0700EDCD28,YPT;S2720-43521/Black,2720-43521,F,65,,L424,adult
6/24/2016,L,BOX 9 L,0700EDDC89,Y/Black;YPT,,F,68,,L425,adult
6/24/2016,L,BOX 48 L,0700ED977D,Y/Grey;YPT,,M,68,,L432,adult
6/24/2016,L,BOX 9 L,0700ED9EE4,Y/O;YPT,,M,74,,L422,adult
6/26/2016,L,BOX 55-3 L,0700EE0D03,GREYPT;Y/B,,F,68.5,,L472,adult
6/27/2016,L,BOX 5 L,0700ED915E,GREYPT;Y/LB,,F,68.5,,L503,adult
6/27/2016,L,BOX 5 L,0700ED9C8F,GREYPT;Y/G,,M,69,,L504,adult
6/28/2016,L,BOX 90 L,0700EE21FA,GREYPT;Y/W,,M,70,,L513,adult
6/28/2016,L,BOX 90 L,0700EDBA4F,GREYPT;Y/O,,F,66,,L514,adult
6/30/2016,L,BOX 21 L,0700ED9500,GREYPT;Y/Black,,F,65,,L544,adult
6/30/2016,L,BOX 66 L,0700EE29F8,GREYPT;Y/Grey,,F,65,,L545; L767,adult
7/1/2016,L,BOX 59 L,0700EE4194,Y/B;GREYPT,,F,66,,L546; L694,adult
7/1/2016,L,BOX 16 L,0700EE048B,Y/LB;GREYPT,,F,66,,L547,adult
7/7/2016,L,BOX 70 L,0700EDC408,Y/Black;GREYPT,,F,65,,L618,adult
7/7/2016,L,BOX 8 L,0700EE251E,Y/G;GREYPT,,F,70,,L613,adult
7/7/2016,L,BOX 82 L,0700EDC2C3,Y/O;GREYPT,,M,71,,L616,adult
7/7/2016,L,BOX 8 L,0700EE1296,Y/W;GREYPT,,M,?,,L614,adult
7/11/2016,L,BOX 51 L,0700EE3D35,YPT;G/S2740-25033,2740-25033,F,65.5,,L634,adult
7/11/2016,L,BOX 51 L,0700EDD85C,Y/Grey;GREYPT,,M,70.5,,L635,adult
7/27/2016,L,BOX 84 L,0700EDDE74,BLUEPT;O/B,,M,74,,L639,adult
7/27/2016,L,BOX 84 L,0700EDBECC,BLUEPT;O/LB,,F,67,,L640; L728,adult
12/28/2016,L,F5L,0700EDC2E5,BLUEPT;O/G,,F,68,,,
12/28/2016,L,F5L,0700EE28C5,BLUEPT;O/W,,M,73,,,
12/28/2016,L,F6L,0700EDBB53,BLUEPT;O/Y,,,71.5,,,
12/28/2016,L,F5L,0700ED9109,BLUEPT;O/Black,,F,69,,L692; L816,
12/28/2016,L,F6L,0700ED8B76,BLUEPT;O/Grey,,F,68,,L710,
12/28/2016,L,F6L,0700EDF1E9,YPT;Grey/S2740-25601,2740-25601,,69,,,juv
12/28/2016,L,F6L ,0700ED9211,BLACKPT;O/B,,F,65,,L879,
1/16/2017,L,F8L,0700EDDFA2,BLACKPT;O/G,,,69,,,
1/16/2017,L,F8L,0700EE0FAF,BLACKPT;O/LB,,,68,,,
1/16/2017,L,F8L,0700EE256C,BLACKPT;O/W,,,71,,,
1/16/2017,L,F8L,0700EDB48F,BLUEPT;S2740-25572/O,2740-25572,M,67,,L726,juv
1/16/2017,L,F8L,0700EDC24A,BLACKPT;O/Y,,M,69,,L832; L684,
1/27/2017,L,F3L,0700EE19FA,BLUEPT;S2740-25688/G,2740-25688,F,65,,,juv
1/27/2017,L,F3L,0700EDEF54,BLACKPT;O/Black,,,68,,,
1/27/2017,L,F3L,0700EDD1DF,BLACKPT;O/Grey,,,70,,,
1/27/2017,L,F3L,0700EDCDE0,YPT;LB/O,,,67.5,10.79,L748,
1/27/2017,L,F3L,0700EE1C48,YPT;O/LB,,,69.5,,,
1/27/2017,L,F3L,0700EE43D8,YPT;O/G,,,68.5,,,
1/27/2017,L,F3L,0700EE343A,BLUEPT;S2740-25678/LB,2740-25678,F,67,,,juv
1/27/2017,L,F3L,0700EDFF05,YPT;O/W,,F,69,,L701,
1/27/2017,L,F3L,0700ED9DB6,YPT;O/Y,,F,67,,,
1/27/2017,L,F3L,0700EDD96A,YPT;O/Black,,M,67,,L703; L777,
1/27/2017,L,F3L,0700EE433B,YPT;O/Grey,,,68.5,,,
1/27/2017,L,F3L,0700ED9E1B,GREYPT;O/B,,F,67,,,
1/27/2017,L,F3L,0700EDF53A,GREYPT;O/LB,,,68.5,,,
1/27/2017,L,F3L,0700EDD36F,GREYPT;O/G,,,68,,,
1/27/2017,L,F3L,0700EDEF3F,GREYPT;O/W,,F,64.5,,L826,
1/27/2017,L,F3L,0700EE1337,GREYPT;O/Y,,M,70,,L825,
1/27/2017,L,F3L,0700ED87C0,GREYPT;O/Black,,,70,,,
1/27/2017,L,F3L,0700EE16E7,GREYPT;O/Grey,,,69,,,
1/27/2017,L,F3L,0700EDD1FB,O/B;BLUEPT,,F,68,,L817,
1/27/2017,L,F3L,0700EE1199,O/LB;BLUEPT,,M,68.5,,L717,
1/27/2017,L,F3L,0700ED8FCF,O/G;BLUEPT,,M,69,,,
1/27/2017,L,F3L,0700ED987E,O/W;BLUEPT,,,72,,,
1/27/2017,L,F8L,0700EDED17,O/Y;BLUEPT,,F,66,,,
1/27/2017,L,F8L,0700EDADBD,O/Black;BLUEPT,,F,64,,,
1/27/2017,L,F3L,0700EDC823,O/Grey;BLUEPT,,,72,,,
1/27/2017,L,F3L,0700EDCFBE,O/B;BLACKPT,,F,71,,L699; L878,
1/27/2017,L,F8L,0700ED941D,O/LB;BLACKPT,,,72,,,
1/27/2017,L,F8L,0700EDD5D2,BLUEPT;S2740-25617/B,2740-25617,,68,,,juv
1/27/2017,L,F8L,0700ED9FF7,O/G;BLACKPT,,,68,,,
1/27/2017,L,F8L,0700EDBE83,O/W;BLACKPT,,,68,,,
1/27/2017,L,F8L,0700EDE789,O/Y;BLACKPT,,,69,,,
1/27/2017,L,F8L,0700ED9457,S2740-25848;GREENPT,2740-25848,F,66,,,juv
1/27/2017,L,F8L,0700EE1498,O/Black;BLACKPT,,F,67,,,
1/27/2017,L,F8L,0700EE2A0C,O/Grey;BLACKPT,,F,67,,,
1/27/2017,L,F8L,0700EDB90F,O/B;YPT,,,71,,,
1/27/2017,L,F8L,0700EDA7DF,BLUEPT;S2740-25585/Grey,2740-25585,F,66,,L753,juv
1/27/2017,L,F8L,0700ED8B89,O/LB;YPT,,,70,,,
1/27/2017,L,F3L,0700EDF74B,O/G;YPT,,M,71.5,,L687,
1/30/2017,L,F8L,0700ED875A,O/W;YPT,,,69,,,
1/30/2017,L,F8L,0700EE3769,O/Y;YPT,,,70,,,
1/30/2017,L,F3L,0700ED8F33,O/Black;YPT,,,71,,,
2/24/2017,L,F3L,0700EE3513,O/Grey;YPT,,F,67,10.92 (not @ TOIC),L739,
2/24/2017,L,F3L,0700EE3DBD,O/B;GREYPT,,F,66.5,,,
2/24/2017,L,F3L,0700EDDD80,O/LB;GREYPT,,M,72,,L776,
2/24/2017,L,F3L,0700EDB814,O/G;GREYPT,,,72,,,
2/24/2017,L,F3L,0700EE167B,O/W;GREYPT,,M,73,,,
2/24/2017,L,F3L,0700ED8ABC,O/Y;GREYPT,,M,73,,L842,
2/24/2017,L,F3L,0700ED8D09,O/Black;GREYPT,,,68,,,
2/24/2017,L,F3L,0700ED8AD1,O/Grey;GREYPT,,F,64,,,
2/24/2017,L,F3L,0700EE41BD,BLUEPT;W/B,,M,73,,,
2/24/2017,L,F3L,0700EE009C,BLUEPT;W/LB,,F,71,,L686,
2/24/2017,L,F3L,0700EE358E,BLUEPT;W/G,,F,66,,,
2/24/2017,L,F3L,0700EE28A0,BLUEPT;W/O,,,68,,,
2/24/2017,L,F3L,0700EE2F22,BLUEPT;W/Y,,F,66,,,
2/24/2017,L,F3L,0700EE4486,BLUEPT;W/Black,,,71,,,
2/24/2017,L,F3L,0700EE3FCF,BLUEPT;W/Grey,,,68,,,
2/24/2017,L,F3L,0700EDF3E1,BLACKPT;W/B,,,68,,,
2/24/2017,L,F3L,030001C291,BLACKPT;W/LB,,,68,,,
2/24/2017,L,F3L,0700EDE83C,BLACKPT;W/G,,,68.5,,,
2/24/2017,L,F3L,0700EE4247,BLACKPT;W/O,,F,67,,,
2/24/2017,L,F3L,0700EDD1AC,BLACKPT;W/Y,,,68,,,
2/24/2017,L,F3L,0700EDF2C1,BLACKPT;W/Black,,F,67,,L718; L781,
2/24/2017,L,F3L,0700EDEF7F,BLACKPT;W/Grey,,F,67,,,
2/24/2017,L,F3L,0700EDDCBB,YPT;W/B,,F,65,,L688,
2/24/2017,L,F8L,0700EE1A36,YPT;W/LB,,,72,,,
2/24/2017,L,F8L,0700EE0244,YPT;W/G,,F,67,,,
2/24/2017,L,F8L,0700ED8728,YPT;W/O,,M,73,,,
2/24/2017,L,F8L,0700ED9D6D,BLUEPT;G/S2740-25674,2740-25674,,69,,,juv
2/24/2017,L,F8L,0700EE2C92,YPT;W/Y,,F,67,,,
2/24/2017,L,F8L,0700EDBAE2,YPT;W/Black,,,69,,,
2/24/2017,L,F8L,0700EE0DF6,YPT;W/Grey,,M,69,,,
2/24/2017,L,F8L,0700EE170F,GREYPT;W/B,,,68,,,
2/24/2017,L,F8L,0700EDAFF2,GREYPT;W/LB,,,69.5,,,
2/24/2017,L,F8L,0700EE4105,GREYPT;W/G,,,71,,,
2/24/2017,L,F8L,0700EE2B72,GREYPT;W/O,,F,66,,,
2/24/2017,L,F8L,0700EDD7A1,GREYPT;W/Y,,,68,,,
2/24/2017,L,F8L,0700ED902B,GREYPT;W/Black,,,68.5,,,
2/24/2017,L,F8L,0700EDEEC9,GREYPT;W/Grey,,,70,,,
2/24/2017,L,F8L,0700EDE8B8,W/B;BLUEPT,,,69.5,,,
2/24/2017,L,F8L,0700EDC59A,W/LB;BLUEPT,,,68.5,,,
2/24/2017,L,F8L,0700EDD4B1,W/G;BLUEPT,,F,66,,,
2/24/2017,L,F8L,0700ED9191,W/O;BLUEPT,,F,67,,,
2/24/2017,L,F8L,0700ED8952,W/Y;BLUEPT,,,71.5,,,
2/24/2017,L,F8L,0700EE1DB1,W/Black;BLUEPT,,F,67,,,
2/24/2017,L,F8L,0700EDE577,BLUEPT;LB/S2170-30231,2170-30231,,71.5,,,
2/24/2017,L,F8L,0700EDF0AC,W/Grey;BLUEPT,,M,72,,L719,
2/24/2107,L,F8L,0700EDC236,W/B;BLACKPT,,M,73,,,
2/24/2017,L,F8L,030001A6D3,W/LB;BLACKPT,,,70,,,
2/24/2017,L,F8L,0700EE400E,W/G;BLACKPT,,M,75,,,
2/24/2017,L,F8L,0700EE0930,W/O;BLACKPT,,,72,,,
2/24/2017,L,F8L,0700EDE0FB,W/Y;BLACKPT,,F,67,,,
2/24/2017,L,F8L,0700EDD133,W/Black;BLACKPT,,F,66,,,
2/24/2017,L,F8L,0700EDB934,W/Grey;BLACKPT,,M,73,,,
3/1/2017,L,F3L,0700EDE7CE,W/B;YPT,,F,67,,,
3/1/2017,L,F3L,0700EDAC2D,W/LB;YPT,,,69.5,,,
3/1/2017,L,F3L,0700ED89CE,W/G;YPT,,M,70,,L705,
3/1/2017,L,F3L,0700EDBDB7,YPT;LB/S2740-25528,2740-25528,,70,,,juv
3/1/2017,L,F3L,011017A580,WPT;S2740-25580/B,2740-25580,,70.5,,,juv
3/1/2017,L,F3L,0700EDBA06,W/O;YPT,,,72,,,
3/1/2017,L,F3L,0700EE2618,W/Y;YPT,,,70,,,
3/1/2017,L,F3L,0700EDF2D8,YPT;LB/B,,,68.5,,,
3/1/2017,L,F3L,0700EDC0C5,YPT;LB/G,,M,,,L678,
3/1/2017,L,F3L,0700EE206A,YPT;LB/Y,,,69.5,,,
3/1/2017,L,F3L,0700EDD530,YPT;LB/W,,,70.5,,,
6/3/2017,L,BOX 4 L,0700ED8AE7,W/B;GREYPT,,M,70.5,,L679,adult
6/3/2017,L,BOX 22-3 L,0700EDCE52,W/LB;GREYPT,,F,70,,L680,adult
6/3/2017,L,BOX 22-3 L,0700ED969A,W/G;GREYPT,,M,70,,L681,adult
6/3/2017,L,BOX 22-2 L,0700EDA997,W/O;GREYPT,,M,73,,L683,adult
6/3/2017,L,BOX 62-1 L,0700EE3C99,W/Y;GREYPT,,F,67,,L685,adult
6/13/2017,L,BOX 65 L,0700EE4308,BPT;B/S2720-43481,2720-43481,M,71,,SHL_157; L689,adult
6/13/2017,L,BOX 45 L,0700EE3C64,W/Black;GREYPT,,F,68,,L690,adult
6/19/2017,L,BOX 39-3 L,0700EE34AD,W/Grey;GREYPT,,M,68,,L691,adult
6/19/2017,L,BOX 56 L,0700EDB08A,BLUEPT;LB/B,,M,69,,L696,adult
6/19/2017,L,BOX 56 L,0300022078,BLUEPT;LB/G,,F,64,,L697,adult
6/20/2017,L,BOX 8 L,0700EE00D6,BLUEPT;LB/O,,M,72.5,,L698,adult
6/20/2017,L,BOX 10 L,0700EE1406,BLUEPT;LB/Y,,M,70,,L700,adult
6/20/2017,L,BOX 23-1 L,0700EDE71E,BLUEPT;LB/W,,F,65.5,,L702; L858,adult
6/20/2017,L,BOX 43-3 L,0700EE369E,BPT;Grey/S2740-25809,2740-25809,F,65,,L704; L757,adult
6/20/2017,L,BOX 47 L,0700EDF072,BLUEPT;LB/Black,,F,67,,L706,adult
6/20/2017,L,BOX 67-1 L,030001C22F,BLUEPT;LB/Grey,,M,70,,L707,adult
6/20/2017,L,BOX 67-1 L,0700ED98B4,BLACKPT;LB/B,,F,68.5,,L708,adult
6/20/2017,L,BOX 43-3 L,0700EE43BC,BLACKPT;S2720-43627/G,2720-43627,M,70,,L709,adult
6/22/2017,L,BOX 55-1 L,0700EE455A,BLACKPT;LB/O,,F,63,,L711,adult
6/22/2017,L,BOX 87A L,0700EE2372,BLACKPT;LB/Y,,M,70,,L712,adult
6/22/2017,L,BOX 87A L,0700ED8EFD,BLACKPT;LB/W,,F,66,,L713,adult
6/22/2017,L,BOX 94 L,0700EDAD20,BLACKPT;LB/Black,,M,70,,L714,adult
6/22/2017,L,BOX 96 L,0700ED90EB,BLACKPT;LB/Grey,,M,72,,L715,adult
6/22/2017,L,BOX 96 L,0700EE3D48,YPT;LB/Grey,,F,67,,L716,adult
6/23/2017,L,BOX 59 L,0700EE1CDF,GREYPT;LB/B,,F,66,,L720,adult
6/23/2017,L,BOX 68 L,0700EDDDAF,BLUEPT;S2740-25578/Black,2740-25578,F,66,,L721; L766,adult
6/23/2017,L,BOX 68 L,0700EDDA07,GREYPT;LB/G,,M,68,,L722; L765,adult
6/23/2017,L,BOX 53-1 L,0700EDF31D,GREYPT;LB/O,,F,65.5,,L723; L752,adult
6/23/2017,L,BOX 26 L,0700ED99B4,GREYPT;LB/Y,,F,66,,L724,adult
6/23/2017,L,BOX 83 L,0700ED88B3,GREYPT;LB/W,,M,71,,L725,adult
6/27/2017,L,BOX 65 L,0700EDB269,GREYPT;LB/Black,,F,65.5,,L727,adult
6/27/2017,L,BOX 84 L,0700EDF0A1,GREYPT;LB/Grey,,M,69,,L729,adult
6/29/2017,L,BOX 84-1 L,0700EDDCB3,LB/B;BLUEPT,,F,66,,L730,adult
6/29/2017,L,BOX 65 L,0700ED9885,LB/G;BLUEPT,,M,69,,L731,adult
7/2/2017,L,BOX 79 L,030002EB78,BPT;Black/S2740-25521,2740-25521,M,68.5,,L732,adult
7/2/2017,L,BOX 79 L,0700EDA87B,GREYPT;S2740-25613/W,2740-25613,F,66,,L733,adult
7/4/2017,L,BOX 69-1 L,0700ED89B7,LB/O;BLUEPT,,F,68,,L734,adult
7/6/2017,L,BOX 84-1 L,011017A296,W;WPT,,M,69,,L736,adult
7/19/2017,L,BOX 76 L RENEST,0700ED8F56,LB/Y;BLUEPT,,M,70,,L737,adult
8/23/2017,L,F4L,0700EE3464,GREYPT;S2820-13423/O,2820-13423,,70,11,L740,juv
8/23/2017,L,F4L,0700EDAA04,LB/W;BLUEPT,,M,71,11.48,L741,juv
8/23/2017,L,F4L,0700EE078D,LB/Black;BLUEPT,,M,71,11.35,L742,juv
8/23/2017,L,F4L,0700EDD533,GREYPT;S2740-25963/LB,2740-25963,,69,11.78,L743,juv
8/23/2017,L,F4L,0700EE1F98,LB/Grey;BLUEPT,,F,66.5,11.16,L744,juv
8/23/2017,L,F4L,0700EE44E2,LB/B;BLACKPT,,,72,12.03,L745,juv
8/23/2017,L,F5L,0700EE0731,LB/G;BLACKPT,,M,75,12.14,L746,juv
8/23/2017,L,F5L,0700EDC89F,LB/O;BLACKPT,,,68,10.84,L747,juv
8/23/2017,L,F4L,0700EDFEE5,GREYPT;S2820-13306/B,2820-13306,M,70,12.31,L750,juv
8/23/2017,L,F5L,0700EE3CB7,GREYPT;S2740-25719/Grey,2740-25719,M,72,12.13,L751,adult
8/25/2017,L,F7L,0700EDB5B8,GREYPT;Y/S2820-13173,2820-13173,,70,11.68,L754,juv
8/25/2017,L,F7L,0700EE41CF,LB/Y;BLACKPT,,M,71,12.78,L755,
8/25/2017,L,F7L,0700EDF80E,LB/W;BLACKPT,,F,67,11.25,L756,juv
8/30/2017,L,F9L,0700EE39D0,GREYPT;S2820-13206/Black,2820-13206,F,65.5,10.84,L758,juv
8/30/2017,L,F9L,0700EDEA4C,GREYPT;LB/S2820-13291,2820-13291,F,65,10.5,L759,juv
8/30/2017,L,F9L,0700EE38DF,GREYPT;Grey/S2820-13167,2820-13167,M,70,11.71,L760,juv
8/30/2017,L,F9L,0700ED97C0,BLACKPT;S2820-13123/Y,2820-13123,,69,11.85,L761,juv
8/30/2017,L,F8L,0700EDE0C0,BLACKPT;S2820-13311/O,2820-13311,F,67,10.2,L762; L859,juv
8/30/2017,L,F8L,0700EDA62A,LB/Black;BLACKPT,,M,70,12.8,L763,
8/30/2017,L,F9L,0700EE2C4F,LB/Grey;BLACKPT,,M,72,12.2,L764,
9/6/2017,L,F1L,0700EE4012,BLACKPT;S2820-13317/LB,2820-13317,F,65.5,10.7,L768,juv
11/22/2017,L,F6L,0700ED8EC8,LB/B;YPT,,,68,,L769,
11/22/2017,L,F6L,0700EDAC66,LB/G;YPT,,,69,,L770,
11/22/2017,L,F6L,0700ED920A,LB/O;YPT,,,67.5,,L771,
11/22/2017,L,F6L,0700EDA5B6,LB/Y;YPT,,,70,,L772,
11/22/2017,L,F1L,0700EDD092,LB/W;YPT,,,68,,L774,
11/22/2017,L,F1L,0700EE184C,LB/Black;YPT,,F,65,,L775,
11/22/2017,L,F5L,0700EE394B,LB/Grey;YPT,,,69,,L778,juv
11/22/2017,L,F5L,0700EDCA3E,LB/B;GREYPT,,,68.5,,L779,juv
11/22/2017,L,F5L,0700EDC70B,LB/G;GREYPT,,M,72,,L780,juv
12/1/2017,L,F9L,0700EE1F4A,LB/O;GREYPT,,M,70.5,,L782,adult
12/1/2017,L,F1L,0700EDA3E9,LB/Y;GREYPT,,,68,,L783,juv
12/1/2017,L,F5L,0700ED8EF0,LB/W;GREYPT,,,70,,L784,juv
12/1/2017,L,F5L,0700ED8938,LB/Black;GREYPT,,M,73,,L785,juv
12/8/2017,L,F6L,0700EDF25C,LB/Grey;GREYPT,,,67.5,,L786,juv
12/8/2017,L,F6L,030002682E,BLUEPT;Black/G,,,72,,L787,juv
12/11/2017,L,F9L,0700EDE03F,BLUEPT;Black/B,,,71,,L788,juv
12/11/2017,L,F9L,0700EDF043,BLUEPT;Black/LB,,F,67,,L789,juv
12/11/2017,L,F7L,0700EDC09E,S2740-25985;YPT,2740-25985,,72,,L790,juv
12/15/2017,L,F5L,0700EE1C45,BLUEPT;Black/W,,,68,,L791,juv
1/7/2018,L,F6L,0700EDF8F4,BLACKPT;Black/B,,,70,,L797,juv
1/7/2018,L,F6L,0700EDE963,BLACKPT;Black/LB,,M,74,,L798,juv
1/7/2018,L,F6L,0700ED9496,BLACKPT;Black/W,,F,68,,L799,juv
1/7/2018,L,F6L,0700EDE24E,BLACKPT;Black/O,,F,66,,L800,juv
1/7/2018,L,F6L,0700EE2525,BLACKPT;Black/Y,,,72,,L801,
1/7/2018,L,F6L,0700EE4500,BLACKPT;Black/Grey,,M,73,,L802,juv
1/7/2018,L,F8L,0700EDAE4D,BLACKPT;S2820-13128/Blue,2820-13128,,71.5,,L795,juv
1/7/2018,L,F7L,0700EDD698,BLUEPT;Black/O,,M,69,,L792,juv
1/7/2018,L,F8L,0700EE0ED1,BLUEPT;Black/Y,,F,66.5,,L793,juv
1/7/2018,L,F8L,0700ED8BB7,BLUEPT;Black/Grey,,F,70,,L794; L848,juv
1/7/2018,L,F8L,0700EE3937,BLACKPT;Black/G,,M,72,,L796; L841,juv
4/13/2018,L,F3L,0700EDD973,YPT;Black/G,,M,71,,L803,juv
4/13/2018,L,F3L,0700EE29BB,YPT;Black/B,,,71,,L804,juv
4/13/2018,L,F3L,0700EDACC8,YPT;Black/LB,,,69,,L805,
4/13/2018,L,F3L,0700EDE28D,YPT;Black/W,,M,73,,L806,
4/13/2018,L,F3L,0700EDFD5D,BLACKPT;S2820-13166/GREY,2820-13166,F,68,,L807; L843,juv
4/13/2018,L,F3L,0700ED85C7,YPT;Black/O,,M,72,,L808,juv
4/13/2018,L,F3L,0700EE4081,YPT;Black/Y,,F,68,,L809,
6/8/2018,L,BOX 32-1,0700EDE84B,YPT;Black/Grey,,F,65,,L810,adult
6/8/2018,L,BOX 32-1,0700EE38F7,BLACKPT;S2740-25520/Black,2740-25520,M,71,,L811,adult
6/8/2018,L,Box 40,0700EE35D4,GREYPT;Black/G,,F,69,,L812,adult
6/8/2018,L,Box 40,0700EE023F,GREYPT;Black/B,,M,72,,L813,adult
6/12/2018,L,BOX 51 L,0700EE378F,GREYPT;Black/LB,,F,67.5,,L818; L893,adult
6/12/2018,L,BOX 78 L,0700EE01A3,GREYPT;Black/W,,F,65.5,,L819,adult
6/12/2018,L,BOX 78 L,0700EDA00F,GREYPT;Black/O,,M,72,,L820,adult
6/14/2018,L,BOX 76 L ,0700EE0441,GREYPT;Black/Y,,M,72,,L821,adult
6/14/2018,L,BOX 80 L,0700EE133E,GREYPT;Black/Grey,,M,72,,L822,adult
6/14/2018,L,BOX 80 L,0700EE120A,Black/G;BLUEPT,,F,65,,L823,adult
6/14/2018,L,BOX 37-1 L,0700EE197F,Black/B;BLUEPT,,F,64.5,,L824,adult
6/15/2018,L,BOX 30-7 L,0700EDF318,Black/LB;BLUEPT,,M,68.5,,L827,adult
6/15/2018,L,BOX 55-6 L,0700EDCC90,Black/W;BLUEPT,,F,65.5,,L828,adult
6/15/2018,L,BOX 67-1 L,0700EDE4F9,Black/O;BLUEPT,,M,71,,L829,adult
6/15/2018,L,BOX 76 L,0700EDF81A,Black/Y;BLUEPT,,F,66.5,,L830,adult
6/16/2018,L,BOX 53-1 L,0700ED8EAF,Black/Grey;BLUEPT,,F,67,,L831,adult
6/16/2018,L,BOX 92 L,0700EDB4A7,BLACKPT;G/S2740-25577,2740-25577,F,68,,L833,adult
6/16/2018,L,BOX 87 L,0700EE15DA,BLACKPT;LB/S2820-13272,2820-13272,F,64,,L834,adult
6/16/2018,L,BOX 87 L,0700EDBD83,Black/G;BLACKPT,,M,71.5,,L835,adult
6/16/2018,L,BOX 22-4 L,0700EDA42A,BLACKPT;O/S2820-13137,2820-13137,F,66,,L836,adult
6/18/2018,L,BOX 30 L,0700EDC742,Black/B;BLACKPT,,M,71,,L837,adult
6/18/2018,L,BOX 43-3 L,0700EE41FD,Black/LB;BLACKPT,,F,67,,L838,adult
6/18/2018,L,BOX 71 L,0700EE14A0,Black/W;BLACKPT,,M,70,,L839,adult
6/19/2018,L,BOX 41-3 L,0700EDCC34,Black/O;BLACKPT,,F,67,,L840,adult
6/20/2018,L,BOX 69-1 L,0700EDECE1,Black/Y;BLACKPT,,M,74,,L844,adult
6/20/2018,L,BOX 69-1 L,0700EDAAAB,Black/Grey;BLACKPT,,F,66,,L845,adult
6/20/2018,L,BOX 90A L,0700EDDB07,Black/G;YPT,,F,65,,L846,adult
6/20/2018,L,BOX 89 L,0700EE0B93,Black/B;YPT,,F,68,,L847,adult
6/20/2018,L,BOX 37-2 L,0700EE04FF,Black/LB;YPT,,F,67,,L849; L888,adult
6/22/2018,L,BOX 45 L,0700EDC805,Black/W;YPT,,F,68,,L850,adult
6/23/2018,L,BOX 67-3 L,0700ED9715,Black/O;YPT,,F,65,,L851,adult
6/25/2018,L,BOX 96 L,0700EDF0B4,Black/Y;YPT,,F,68,,L852,adult
7/20/2018,L,BOX 93 L,0700EDBE2D,Black/Grey;YPT,,M,70,,L853,adult
9/5/2018,L,F4L,011017A471,WPT;S2820-13758/Y,2820-13758,,71,,L854,juv
9/5/2018,L,F4L,0700EE064F,Black/G;GREYPT,,F,66.5,,L855,adult
9/5/2018,L,F5L,0700EDBA48,BLACKPT;B/S2820-13562,2820-13562,,70,,L856,juv
9/19/2018,L,F2L,0700EE2785,Black/B;GREYPT,,,71,,L857,juv
9/19/2018,L,F4L,0700EE1028,Black/LB;GREYPT,,,67.5,,L860,juv
10/17/2018,L,F4L,0700EDB8E5,Black/W;GREYPT,,M,69.5,,L861,adult
10/19/2018,L,F3L,0700EE316C,Black/O;GREYPT,,F,68,,L862,
10/19/2018,L,F1L,0700EDF6D7,Black/Y;GREYPT,,F,65.5,,L863,juv
10/19/2018,L,F1L,011017A588,WPT;S2820-13136/O,2820-13136,M,72,,L864,adult
10/19/2018,L,F1L,0700EE2A71,Black/Grey;GREYPT,,,69,,L865,juv
10/19/2018,L,F1L,0700EE199E,BLUEPT;Grey/Black,,F,70,,L866,juv
10/22/2018,L,F9L,0300028FB7,BLUEPT;Grey/W,,,68.5,,L867,juv
10/22/2018,L,F6L,01101799F1,WPT;S2820-13561/G,2820-13561,,68,,L868,juv
10/22/2018,L,F9L,0300020B16,BLUEPT;Grey/Y,,M,69,,L869,juv
3/15/2019,L,F8L,01101742F9,WPT;S2820-13524/Grey,2820-13524,F,66,,LF1168,juv
3/15/2019,L,F8L,01101714A5,WPT;S2820-13063/Black,2820-13063,M,70,,LF1048,juv
3/15/2019,L,F8L,0300030A60,BLUEPT;Grey/O,,M,70.5,,L913,
3/15/2019,L,F8L,030002477D,BLUEPT;Grey/B,,,70,,,juv
3/18/2019,L,F8L,0700EDBE68,BLUEPT;Grey/G,,,69,,,juv
3/18/2019,L,F8L,011017388B,WHITEPT;W/S2820-13649,2820-13649,M,70.5,,LF1261,juv
3/18/2019,L,F8L,0110170546,BLACKPT;Grey/Black,,F,66.5,,,juv
3/18/2019,L,F8L,0110172821,BLACKPT;Grey/W,,F,65,,L896,
3/24/2019,L,F8L,0700ED8D57,BLACKPT;Grey/Y,,M,72,,L914,juv
3/24/2019,L,F8L,0110170208,BLACKPT;Grey/O,,,69,,,adult
3/24/2019,L,F8L,0110170075,BLACKPT;Grey/B,,F,66.5,,L895,juv
3/24/2019,L,F8L,0700EE20E9,BLACKPT;Grey/LB,,,71,,,juv
3/29/2019,L,F8L,0700EE05C2,BLACKPT;Grey/G,,,69,,,
6/13/2019,L,BOX 22-2 L,0700EE0A0D,YPT;Grey/Black,,F,70,,L870,
6/13/2019,L,BOX 22-2 L,0700EDC593,YPT;Grey/W,,M,70,,L871,
6/14/2019,L,BOX 4 L,0700EE3F4B,GREYPT;Grey/Black,,F,69,,L877,
6/14/2019,L,BOX 39-1 L,0700EDE323,YPT;Grey/LB,,M,67,,L875,
6/14/2019,L,BOX 39-1 L,0700EDA01B,YPT;Grey/B,,F,66.5,,L874,
6/14/2019,L,BOX 51 L,0700EDA295,GREYPT;Grey/W,,F,70,,L880,
6/14/2019,L,BOX 29-3 L,0700ED87B8,GREYPT;Grey/O,,F,67,,L883,
6/14/2019,L,BOX 25-3 L,0700EDEC7C,GREYPT;Grey/B,,F,67,,L884,adult
6/14/2019,L,BOX 25-3 L,030002EBD8,BLACKPT;W/S2820-13034,2820-13034,M,70,,L885; LF1019 ,juv
6/14/2019,L,BOX 37-4 L,0700EDEAD5,YPT;Grey/Y,,F,68,,L872,juv
6/14/2019,L,BOX 37-4 L,0700EE4554,YPT;Grey/O,,M,69,,L873,
6/14/2019,L,BOX 93 L,0700EDDFBD,GREYPT;Grey/Y,,F,68,,L881,
6/15/2019,L,BOX 32-2 L,0700EDF704,GREYPT;Grey/LB,,F,66,,L886,
6/15/2019,L,BOX 42 L,01101748AB,WHITEPT;S2820-13165/LB,2820-13165,M,70,,L889; LF800,adult
6/15/2019,L,BOX 42 L,0110170FD3,WHITEPT;Y/S2820-13022,2820-13022,F,66,,L890; LF1007,juv
6/15/2019,L,BOX 43-1 L,0700EDEA7D,GREYPT;Grey/G,,M,71,,L891,
6/15/2019,L,BOX 43-3 L,0300038FED,Grey/Black;BLUEPT,,M,69,,L892,
6/15/2019,L,BOX 51-1 L,0700EDD2AF,Grey/W;BLUEPT,,M,67,,L894,
6/17/2019,L,BOX 81 L,0700EE38DB,Grey/Y;BLUEPT,,F,69.5,,L897,
6/17/2019,L,BOX 81 L,0700ED9AFA,Grey/O;BLUEPT,,M,74,,L898,
6/17/2019,L,BOX 90A L,0700EE0D4A,Grey/B;BLUEPT,,M,70,,L899,
6/17/2019,L,BOX 80 L,0700EDC2B6,Grey/LB;BLUEPT,,F,67,,L900,
6/17/2019,L,BOX 55-7 L,0700EDAE57,Grey/G;BLUEPT,,M,71,,L901,
6/18/2019,L,BOX 47-1 L,0700EE187D,Grey/Black;BLACKPT,,M,66,,L902,
6/19/2019,L,BOX 22-3 L,01101708F1,WHITEPT;G/S2820-13076,2820-13076,M,73.5,,L903; LF1061,juv
6/19/2019,L,BOX 49-1 L,011016FF71,WHITEPT;LB/S2820-13614,2820-13614,M,74.5,,L904; LF1234,
6/19/2019,L,BOX 86 L,0700EDAA44,Grey/W;BLACKPT,,F,69.5,,L905,juv
6/19/2019,L,BOX 86 L,0700EE165F,Grey/Y;BLACKPT,,M,72,,L906,juv
6/21/2019,L,BOX 65-1 L,0110171EC2,Grey/O;BLACKPT,,F,68.5,,L907,
6/22/2019,L,BOX 22-4 L,011016E48C,Grey/B;BLACKPT,,F,67.5,,L908,juv
6/22/2019,L,BOX 22-4 L,01101742EB,Grey/LB;BLACKPT,,M,72.5,,L909,juv
6/22/2019,L,BOX 87B L,0700EDF10F,Grey/G;BLACKPT,,M,72.5,,L910,adult
6/22/2019,L,BOX 67 L,011017055D,WHITEPT;B/S2820-13520,2820-13520,M,70,,L911; LF1164,juv
6/23/2019,L,BOX 16 L,0700EE2DCE,Grey/Black;YPT,,F,,,L912,
6/24/2019,L,BOX 71 L,0110170E08,WHITEPT;Grey/S2820-13113,2820-13113,M,72,,L915; LF748,adult
6/28/2019,L,BOX 67-2 L,0700EDE859,Grey/W;YPT,,F,69,,L916,
6/28/2019,L,F10L,0110173676,WHITEPT;Black/S2820-13277,2820-13277,M,72,,L918; LF913,adult
6/30/2019,L,BOX 22D L,0700ED9F6B,Grey/Y;YPT,,F,70,,L919,
6/30/2019,L,BOX 22D L,01101797BD,WHITEPT;O/S2740-25615,2740-25615,M,67,,L920; LF521,adult
6/30/2019,L,BOX 43-2 L,0700EDA312,Grey/O;YPT,,F,69,,L921,
6/30/2019,L,BOX 92 L,011016D578,GREENPT;S2820-13823/Y,2820-13823,M,67,,L922,
7/2/2019,L,BOX 92 L,011016E703,GREENPT;S2820-13657/O,2820-13657,F,65,,L923; LF1269,juv
8/16/2019,L,F1L,0700EE2678,Grey/B;YPT,,,66,,L924,adult
8/16/2019,L,F1L,011016CD90,GREENPT;S2540-01903/LB,2540-01903,,69,,L925,juv
8/16/2019,L,F1L,0700ED9F4C,Grey/LB;YPT,,,69,,L926,adult
8/16/2019,L,F3L,0700EDCDC7,Grey/G;YPT,,,70,,L927,juv
8/20/2019,L,F6L,0700EDDF62,Grey/Black;GREYPT,,,73,,L928,juv
8/20/2019,L,F5L,0700EDF09A,Grey/W;GREYPT,,,71,,L929,juv
8/20/2019,L,F5L,011016A4BD,GREENPT;S2820-13922/B,2820-13922,,70,,L930,juv
8/23/2019,L,F9L,011016BEBF,GREENPT;S2510-43247/Grey,2510-43247,,71,,L931,juv
8/23/2019,L,F8L,0700EE14C4,Grey/Y;GREYPT,,,70.5,,L932,juv
8/23/2019,L,F8L,01101737DE,GREENPT;S2850-50061/Black,2850-50061,,67.5,,L933,juv
8/23/2019,L,F8L,0700EDC93F,Grey/O;GREYPT,,,70,,L934,juv
8/23/2019,L,F8L,0700EE4151,Grey/B;GREYPT,,,72,,L935,juv
8/23/2019,L,F8L,0700EE4389,Grey/LB;GREYPT,,,70.5,,L936,juv
8/23/2019,L,F8L,0700EE38F8,Grey/G;GREYPT,,,70,,L937,juv
8/23/2019,L,F8L,0110174446,WPT;_,,,70,,L938,juv
8/26/2019,L,F4L,0110171D74,_;WPT,,,69,,L939,juv
8/26/2019,L,F4L,011016E679,GREENPT;_,,,69.5,,L940,juv
8/26/2019,L,F3L,01103F64D5,_;GREENPT,,,68,,L941,juv
8/26/2019,L,F1L,01101725E4,Grey/Black;WPT,,,70.5,,,juv
8/26/2019,L,F3L,0110174555,Grey/W;WPT,,,72,,L942,juv
8/26/2019,L,F6L,0110171B08,Grey/Y;WPT,,,70.5,,L943,juv
8/26/2019,L,F6L,0110170872,Grey/O;WPT,,,69,,L944,juv
8/26/2019,L,F6L,0110170E0D,Grey/B;WPT,,,69,,L945,juv
8/26/2019,L,F5L,0110172135,Grey/LB;WPT,,,70,,L946,juv
8/26/2019,L,F5L,011017367C,Grey/G;WPT,,,72,,L947,adult
8/26/2019,L,F5L,0110172261,Black/G;WPT,,,67,,L948,juv
8/26/2019,L,F4L,011016D1D9,GREENPT;W/S2540-01949,2540-01949,,72,,L949,juv
8/30/2019,L,F7L,0110173B3F,Black/B;WPT,,,68.5,,L950,juv
8/30/2019,L,F7L,01101748F6,Black/LB;WPT,,,68,,L951,juv
8/30/2019,L,F8L,0110171F68,Black/W;WPT,,,67,,L952,juv
8/30/2019,L,F9l,011016CA68,GPT;Y/S2540-01954,2540-01954,,70.5,,L953,juv
8/30/2019,L,F7L,01101748A1,Black/O;WPT,,,69,,L954,juv
8/30/2019,L,F9L,0110174A8A,Black/Y;WPT,,,70,,L955,adult
9/2/2019,L,F2L,01101739AF,Black/Grey;WPT,,,71,,L956,juv
9/2/2019,L,F2L,0110173A92,LB/B;WPT,,,70.5,,L957,adult
9/2/2019,L,F3L,0110172060,LB/G;WPT,,,70,,L958,juv
9/6/2019,L,F9L,0110171A50,GPT;G/S2820-13685,2820-13685,,74,,L960,adult
9/6/2019,L,F9L,01101740E0,LB/O;WPT,,,69.5,,L961,adult
9/6/2019,L,F9L,011016D3F6,GPT;LB/S,,,69,,L962,
9/6/2019,L,F9L,01101745E1,LB/Y;WPT,,,75,,L963,adult
9/6/2019,L,F9L,0110171B47,LB/W;WPT,,,72.5,,L964,adult
9/9/2019,L,F4L,0110172D33,LB/Black;WPT,,,66,,L965,juv
9/9/2019,L,F3L,01101732F7,LB/Grey;WPT,,,70,,L966,adult
9/13/2019,L,F5L,0110170D2E,W/B;WPT,,,72,,L967,
9/13/2019,L,F5L,0110173F2F,W/LB;WPT,,,66.5,,L968,adult
9/13/2019,L,F5L,011016DF09,GPT;B/S2540-01927,2540-01927,,67.5,,L969,juv
9/23/2019,L,F2L,01101721D1,W/G;WPT,,,66.5,,L970,juv
9/23/2019,L,F1L,0110174BBB,GPT;Grey/S2540-02089,2540-02089,,67.5,,L971,juv
